instruction,input,output
다음 글을 요약해라.,"신재생 발전 기술도 LS산전이 태양광과 직류(DC)ㆍ교류(AC) 전력 솔루션 등 신재생 발전시스템 전체를 아우르는 통합 솔루션을 앞세워 일본 시장 공략에 나선다. LS산전은 27일부터 3월 1일까지 일본 도쿄 빅사이트에서 열리는 '태양광 시스템 엑스포 2019'에 '신재생 발전 시스템'을 주제로 스마트 에너지 분야 통합 솔루션 기술 역량을 선보인다고 27일 밝혔다. 이 엑스포는 아시아 최대 규모 에너지 전시회인 월드 스마트 에너지 위크 2019의 대표 전시회다 30개국 1600개 글로벌 에너지 기업이 참가했다. LS산전은 이번 전시회에서 △스마트 발전 솔루션 △스마트 직류(DC) 솔루션 △스마트 에너지 최적 관리 등 3개 주제를 중심으로 36kV 전력개폐장치, 수상 태양광 전용 모듈, DC 전력기기 신제품, 초고압직류송전(HVDC)등 일본 스마트 에너지 시장 주도권 강화를 위한 핵심 솔루션을 선보였다. 특히 △40MW(메가와트)급 도쿄 미토 태양광 발전소(2015년 준공) △28MW급 홋카이도 치토세 태양광 발전소(2018년 준공) △18MW급 이시카와 하나미즈키 태양광 발전소 구축 프로젝트 등 현지 대규모 태양광 발전소 구축 레퍼런스가 참관객 관심을 끌었다. LS산전은 올해 초 준공 예정된 하나미즈키 메가솔라 발전소 구축을 성공적으로 마무리 하고 일본 신재생 에너지 분야를 넘어 차세대 송변전 사업 등으로의 시장 확대에 더욱 박차를 가한다는 전략이다. LS산전 관계자는 ""글로벌 신재생 발전 시장은 매년 그 규모가 증가하고 있다. 태양광의 경우 가깝게는 앞으로 2년간 25%이상 증가할 것으로 예상된다""며 ""LS산전의 신재생 발전 솔루션 사업능력을 알리는 것은 물론 독보적인 스마트 에너지 분야 기술 역량을 앞세워 미국 중국과 함께 세계 3대 시장으로 꼽히는 일본 공략과 잠재적인 글로벌 고객까지 확보할 수 있을 것""이라고 말했다.","LS산전은 일본 시장 공략을 위해 신재생 발전 기술을 통합한 솔루션을 선보인다고 밝혔다. '태양광 시스템 엑스포 2019'에서 '신재생 발전 시스템'을 주제로 스마트 에너지 분야의 통합 솔루션 기술을 선보이게 된다. 이 전시회는 아시아 최대 규모의 에너지 전시회로 월드 스마트 에너지 위크 2019의 대표 전시회로 알려져 있다. LS산전은 이번 전시회에서 스마트 발전 솔루션, 스마트 직류(DC) 솔루션, 스마트 에너지 최적 관리 등 3개 주제를 중심으로 다양한 솔루션을 선보이게 된다. 이를 통해 LS산전은 일본 스마트 에너지 시장에서 주도권을 강화하고, 현지 대규모 태양광 발전소 구축 프로젝트 등 이미 구축된 발전소들의 참관객의 관심을 끌 수 있게 되었다. 또한, LS산전은 올해 초 예정된 하나미즈키 메가솔라 발전소의 구축을 성공적으로 마무리하고 일본 신재생 에너지 분야를 넘어 차세대 송변전 사업 등으로 시장 확대를 추진하고 있는 전략을 가지고 있다. LS산전은 신재생 발전 솔루션 사업능력을 알리는 것뿐만 아니라 스마트 에너지 분야의 기술 역량을 통해 일본을 포함한 글로벌 시장에서 세계 3대 시장으로의 진출과 잠재적인 고객들을 확보할 계획이다."
다음 글을 요약해라.,"문화체육관광부는 문화예술계 블랙리스트 진상조사 및 제도개선위원회(진상조사위)의 활동과 결과물을 정리한 '문화예술계 블랙리스트 진상조사 및 제도개선위원회 백서'(백서)를 발간했다고 27일 밝혔다. 백서는 본책 4권과 부록 6권으로 구성됐으며 분량이 6600여 쪽에 이른다. 본책은 △제1권 '위원회 활동 보고서' △제2권 '블랙리스트 진상조사 종합보고서' △제3권 '블랙리스트 방지를 위한 제도개선 종합보고서' △제4권 '블랙리스트 사태의 총체적 조망'으로 이뤄졌다. 제1권에서 제3권까지는 진상조사위에 참여했던 민간위원들과 전문위원들이 집필을 담당해 2017년 7월부터 2018년 6월까지 활동 내용과 진상조사 결과물, 제도개선 권고안을 정리했다. 제4권에서는 외부 전문가들이 필진으로 참여해 블랙리스트 사태를 좀 더 거시적이고 다각적인 시각에서 조망하기 위해 노력했다. 부록은 총 115건의 진상조사 결과보고서 전문을 망라해 △'기관별'(부록 1권) △'공연 분야'(부록 2, 3권) △'문학·출판 분야'(부록 4권) △'영화 분야'(부록 5권) △'시각예술 및 기타 분야'(부록 6권) 등으로 구분했다. 백서의 구성과 원고 집필은 진상조사위 활동 기간 중에 이뤄졌으며, 교정·교열 및 감수는 진상조사위 활동 종료 후에 문체부 공무원과 민간 공동으로 구성된 블랙리스트 재발방지 이행협치추진단에서 담당했다. 2018년 10월 말에 1차 편집이 완료된 후 관련 당사자들에게 가편집본을 열람하도록 해 이의가 제기된 부분에 대해 3개월 동안의 추가 소명과 사실 재확인 과정을 거쳐 백서의 최종 수정 보완 작업을 마무리했다. 백서는 블랙리스트 피해자, 국회 등 주요 기관과 도서관, 문화예술단체 등에 우선 배포되며, 백서의 파일은 이날부터 문체부 홈페이지(www.mcst.go.kr)의 '주요정책'과 진상조사위 홈페이지(www.blacklist-free.kr)의 '자료실'에서 볼 수 있다.","문화체육관광부가 '문화예술계 블랙리스트 진상조사 및 제도개선위원회 백서'를 발간했다. 백서는 총 4권과 부록 6권으로 구성되어 있으며, 분량은 6600여 쪽이다. 백서는 블랙리스트 진상조사위원회의 활동과 결과물을 종합적으로 정리했다. 이를 통해 블랙리스트 피해자, 국회, 도서관, 문화예술단체 등에 우선 배포될 예정이다. 또한, 백서의 파일은 문화체육관광부와 진상조사위원회의 홈페이지에서 확인할 수 있다."
다음 글을 요약해라.,"생물자원관, 정보 확인 환경부 국립생물자원관은 우리나라 자생생물 5만827종에 대한 정보를 확인(지난해 12월말 기준)했다고 26일 밝혔다. 한국생태학회에 따르면 한반도 생물 종 수는 약 10만 종이다. 자생생물은 고유종과 외래종 중 상당 기간 한반도에 서식하면서 토착화한 생물이다. 국립생물자원관 측은 ""우리나라 자생생물 목록은 1996년 환경부에서 '국내 생물종 문헌 조사 연구'를 통해 처음으로 2만8462종을 집계한 이래 22년 만에 2배 가까이 증가해 5만종을 넘어섰다""며 ""이번에는 곤충·무척추동물 1122종, 미생물 633종, 식물 34종, 척추동물 11종 등 총 1800종이 새로 목록에 올랐다""고 설명했다. 전체 자생생물 5만827종을 분류군별로 살펴보면 척추동물 1995종, 무척추동물 2만7683종, 식물 5477종, 균류·지의류 5226종, 조류(藻類) 6013종, 원생동물 1984종, 세균 2449종 등이다. 신종 '오대산털보바수염반날개' 사진 국립생물자원관 제공 이병윤 국립생물자원관 생물자원연구부장은 ""나고야의정서 협약 등으로 세계 각국의 생물자원 확보 경쟁이 치열해 지고 있다""며 ""국가 생물 종 목록 구축은 앞으로 생물자원을 이용한 산업의 토대가 될 것""이라고 말했다. 국립생물자원관은 매년 발굴한 자생생물 신종(세계적으로 처음 밝혀진 새로운 생물종), 미기록종(다른 나라에서는 알려졌지만 한국에는 처음으로 기록되는 종) 뿐만 아니라 국내외 문헌정보를 조사, 분석해 국가생물종 목록 구축 현황과 통계를 내고 있다. 최근 12년간 '자생생물 조사·발굴 연구' 등을 통해 연평균 1600~2000종의 자생생물 신종, 미기록종 등이 국가생물종목록에 새로 추가되고 있다.","국립생물자원관은 한국의 자생생물 종 수를 확인하기 위해 5만827종에 대한 정보를 조사한 것으로 알려졌다. 한국생태학회에 따르면 한반도 생물 종 수는 약 10만 종으로 알려져 있다. 자생생물은 한반도에서 오랜 기간 생활하며 토착화한 고유종과 외래종을 말한다. 국립생물자원관은 이번 조사를 통해 1996년 이후 처음으로 5만종을 넘어선 결과를 얻었다고 설명했다. 곤충, 무척추동물, 미생물, 식물, 척추동물 등 다양한 분류군에서 약 1800종이 새로운 목록에 추가되었다. 전체 자생생물 종 수는 척추동물 1995종, 무척추동물 2만7683종, 식물 5477종, 균류·지의류 5226종, 조류(조류) 6013종, 원생동물 1984종, 세균 2449종 등으로 분류된다. 이러한 자생생물 종 목록은 앞으로 생물자원을 이용한 산업의 기반을 형성할 것으로 예상된다. 국립생물자원관은 매년 신종과 미기록종을 발굴하고, 국내외 문헌자료를 조사하여 국가생물종 목록을 구축하고 있다. 최근 12년간 매년 약 1600~2000종의 신종과 미기록종이 국가생물종 목록에 추가되고 있다고 한다."
다음 글을 요약해라.,"제조원가 노무비 1년전보다 8.3%p 증가 …납품단가 반영 안돼 48.7% 중소제조업체의 인건비 부담이 상승했다. 그러나 2개 업체 중 1곳 가량은 인건비 부담분을 납품단가에 반영하지 못하고 있는 것으로 조사됐다. 중소기업중앙회(회장 박성택)가 이같은 내용을 포함한 '2018년도 중소제조업 하도급거래 실태조사'를 26일 발표했다. 이번 조사는 2018년 1월 1일부터 10월 31일까지의 하도급거래 중소제조업체 507개사를 대상으로 실시했다. 조사결과에 따르면 중소제조업체의 제조원가 비중은 재료비(45.8%) 노무비(36.5%) 경비(17.8%) 순이었다. 조사 직전연도(2017년)보다 제조원가가 상승했다는 응답은 53.8%였다. 하락은 3.7%에 그쳤다. 평균 상승 비율은 9.4%였고, 평균 하락 비율은 13.1%였다. 가장 많이 상승한 제조원가 구성요소는 인건비(52.0%) 재료비(47.3%) 경비(0.7%) 순으로 나타났다. 인건비는 2017년보다 8.3%p 증가했다. 반면 납품단가가 올랐다는 업체는 18.5%에 불과했다. 10곳 중 1곳(10.3%)은 납품단가가 하락했다. 71.2%는 납품단가에 변동이 없었다. 늘어난 인건비를 납품단가에 반영된 경우는 51.3%였다. 중소제조업체 절반 가량(48.7%)은 여전히 인건비 증가분을 고스란히 부담하고 있는 셈이다. 응답업체 51.5%는 납품단가(32.3%) 부당특약 설정(12.2%) 결제조건(6.9%) 등에서 불공정한 계약조건을 경험했다. 징벌적 손해배상제도가 이러한 불공정행위를 근절하는데 효과가 있다는 응답은 64.5%였다. 징벌적 손해배상제도 활용도를 높이려면 손해배상 소송 시 법률 지원 강화(31.4%) 하도급법 상 손해배상 명령제 도입(23.5%) 징벌적 손해배상 비율 상향(21.9%) 등이 필요한 것으로 조사됐다. 불공정 하도급거래 개선을 위해 가장 필요한 조치로는 처벌강화(42.4%) 관련 법·제도 보완(23.5%) 실태조사 및 직권조사 강화(19.7%) 순으로 응답했다. 서정헌 중기중앙회 상생협력부장은 ""2년 연속 최저임금이 큰 폭으로 올라 노무비를 중심으로 납품단가 조정을 희망하는 중소기업들이 많을 것으로 예상된다""며 ""납품단가 조정협의권 제도가 현장에서 작동할 수 있도록 적극 지원하겠다""고 밝혔다.","제조원가 노무비 1년전보다 8.3% 증가하였으며, 48.7%의 중소제조업체는 이를 납품단가에 반영하지 못하고 있다고 조사되었다. 중소기업중앙회가 발표한 '2018년도 중소제조업 하도급거래 실태조사'에 따르면, 중소제조업체의 제조원가 비중은 재료비(45.8%), 노무비(36.5%), 경비(17.8%)로 조사되었고, 인건비가 가장 많이 상승하여 8.3% 증가하였다. 이에 대해 납품단가는 18.5%만이 상승하였고, 10.3%는 하락하였고, 71.2%는 변동이 없었다고 조사되었다. 또한, 중소제조업체의 절반 가량(48.7%)은 여전히 인건비 증가분을 부담하고 있다고 알려졌다. 불공정한 계약조건에 대해 응답업체의 51.5%가 경험하였으며, 징벌적 손해배상제도의 활용도를 높이기 위해 법률 지원 강화, 하도급법 상 손해배상 명령제 도입 등이 필요하다고 조사결과가 나타났다. 중소기업들이 납품단가 조정을 희망하는 상황에서 납품단가 조정협의권 제도의 적극적인 지원이 필요하다고 밝혔다."
다음 글을 요약해라.,"현대 신세계 등 추격 대상이 식자재시장 판 키우기에 나섰다. 식품제조에 그치지 않고 유통까지 섭렵하려 한다. 100% 자회사인 대상베스트코를 굳이 품안에 두려는 이유다. 식품제조 부분을 강화한 신세계푸드, 현대그린푸드와 '순서'는 달라도 '목적'은 같다. 식품제조와 유통을 결합했을 때 나올 시너지효과를 노렸다. 매출 증가뿐아니라 수익구조도 나아진다는 계산이 깔렸다. 대상은 완전자회사인 대상베스트코를 흡수합병 한다고 26일 밝혔다. 합병방식은 주식매수청구 절차가 필요없는 소규모 합병이다. 합병기일은 2019년 5월 1일이다. 2010년 설립된 대상베스트코는 식자재유통 전문기업이다. 식자재 마트 운영과 직거래 배송, 외식 프랜차이즈 맞춤형 상품 개발, 원료 도매 사업 등을 진행해 왔다. 대상은 ""제조와 유통 영역간의 경계가 허물어지고 있는 국내 식품사업과 고객 맞춤형 솔루션 요구가 커지고 있는 B2B(기업간 전자상거래) 식품사업 환경 변화를 고려한 결정""이라고 설명했다. 합병을 통해 제조기반의 대상과 유통기반의 대상베스트코가 강점을 극대화 해 B2B시장에서의 지위를 확대한다는 계획이다. 대상베스트코는 최근 5년간 지점 통폐합, 인센티브제도 도입, 판관비 절감 등을 통해 실적개선을 추진했다. 2015년 360억원 규모의 영업 손실액은 지난해 86억원 규모로 대폭 줄었다. 올해 흑자 전환도 점쳐졌다. 합병으로 흑자기조를 이어갈 수 있다는 판단이다. 대상은 대상베스트코와의 합병을 통해 2023년까지 B2B 사업부문에서 연매출 2조원을 달성하겠다는 목표다. 대상과 대상베스트코 B2B 사업은 각각 5200억 원과 4800억원으로 합치면 1조원 규모다. 대상은 채널과 제품 경쟁력을 강화하고 제조와 유통의 시너지를 확대해 사업효율성을 높이면 향후 5년 내 2조원 달성이 가능할 것으로 보고 있다. 임정배 대상 식품부문 대표는 ""단순 식자재 판매와 공급 등 전통적인 방식의 B2B 사업 구조로는 경쟁에서 살아남기 어려운 만큼 이번 합병을 통해 제조와 유통의 핵심역량을 극대화해 국내외 B2B 식품외식사업을 주도하는 선도적인 역할을 할 수 있을 것""이라고 말했다. 당장은 현대그린푸드와 신세계푸드를 추격에 나서겠다는 의미로 읽힌다. 식자재업계와 증권업계가 대상과 베스트코 합병을 바라보는 시각 역시 비슷하다. 박애란 KB증권 연구원은 ""최근 B2B 식품시장 내 제조와 유통영역 간의 경계가 흐려지면서 대상의 식품제조사업과 대상베스트코의 식자재 유통사업의 시너지를 창출하는 것이 이번 흡수 합병의 주요 목적""이라며 ""단체급식·식자재 유통 전문업체였던 신세계푸드가 그룹사 기반의 식품제조사업을 확대하고 현대그린푸드가 스마트푸드센터 구축을 통해 식품제조역량을 강화해가는 것이 대표적인 예""라고 말했다.","현대 신세계와 대상이 식자재시장 판 키우기를 위해 합병하려고 한다. 이를 통해 식품제조와 유통 결합의 시너지효과를 노린다. 대상베스트코는 식자재유통 전문기업으로, 대상과 합병하여 제조기반과 유통기반의 강점을 극대화하고 B2B시장에서의 지위를 확대할 계획이다. 대상베스트코는 최근 몇 년간 실적을 개선했으며, 대상은 합병을 통해 2023년까지 연매출 2조원을 달성하고자 한다. 대상은 합병을 통해 경쟁력을 강화하고 사업효율성을 높여 5년 내에 2조원을 달성할 수 있다고 전망하고 있다. 합병을 통해 대상은 B2B 식품외식사업에서 선도적인 역할을 하고자 한다. 이 합병은 현대그린푸드와 신세계푸드를 추격하는 의미도 가지고 있다. 대상과 베스트코 합병은 B2B 식품시장에서 제조와 유통의 시너지를 창출하기 위한 것이라고 분석되고 있다."
다음 글을 요약해라.,"2022년까지 5000억원 롯데푸드(대표 조경수)가 냉동간편식사업을 강화하기 위한 시동을 걸었다. 기존 상온위주 간편식 중심에서 냉동간편식까지 외연을 확대해 가정간편식 매출을 끌어올린다는 계획이다. 롯데푸드는 냉동덮밥과 냉동면을 위주로한 '쉐푸드 냉동간편식'을 출시했다고 27일 밝혔다. '쉐푸드'는 '셰프가 만든 고급 가정간편식'이라는 의미를 가진 롯데푸드 간편식 브랜드다. 냉동간편식을 내놓은 배경에는 급속냉동기술 발달에 따라 최근 냉동식품 품질이 고급화되고 있기 때문이다. 냉동식품시장은 지속적으로 성장하는 추세다. 농림축산식품부와 한국농수산식품유통공사가 발간한 '2018 가공식품 세분시장 현황'에 따르면, 냉동식품시장 규모는 2013년 6305억원에서 2017년 9023억원으로 43.1% 증가했다. 2017년 기준 냉동시장은 냉동만두가 51.2%, 냉동패티류와 냉동후라이류를 합쳐 21.9%, 냉동밥이 9.1% 점유율을 기록하고 있다. 롯데푸드가 출시한 쉐푸드 냉동간편식은 총 9종이다. '쉐푸드 냉동덮밥'(직화소고기덮밥 김치제육덮밥 직화데리치킨덮밥) 3종과 '쉐푸드 냉동면'(아라비아따파스타 명란오일파스타 라구볼로네제파스타) 3종이다. 또 완제품외에도 일반 밥 위에 간편하게 얹어 먹을 수 있는 '냉동덮밥 소스' 3종을 별도 출시했다. 유명 요리사 비법으로 만든 덮밥과 파스타를 저렴한 가격에 즐길 수 있어 가성비가 높다. 롯데푸드는 이번 제품생산을 위해 평택공장에 냉동간편식 라인을 구축한 데 이어 2020년까지 930억원을 투자해 김천공장을 증축할 계획이다. 이를 통해 2018년 2300억원이었던 가정간편식 매출을 2022년까지 5000억원 수준으로 확대한다는 계획이다. 쉐푸드 냉동덮밥과 냉동면 개발에는 레스토랑을 운영하는 외부 요리사들이 참여해 맛의 완성도를 높였다. 쉐푸드 냉동덮밥은 가마솥 직화 방식으로 밥을 지어 고슬고슬한 밥맛을 살렸다. 밥을 지을 때부터 닭 육수를 사용해 덮밥소스와 어울리는 깊은 밥맛과 함께 탄력있는 식감을 구현했다. 쉐푸드 냉동면은 100% 이탈리아산 파스타면을 사용했다. 파스타면은 '알 덴테'(Al dente) 식감을 구현해 삶았을 때 면 안쪽에 심이 있는 듯한 쫄깃한 식감을 즐길 수 있다. 이번 제품은 '터널식 급속냉동' 기술로 냉동해 모양과 맛을 고스란히 보존했다. 터널식 급속냉동은 영하 40℃ 이하 초저온 터널 통과로 단시간 내에 식품을 동결하는 기술이다. 조경수 롯데푸드 대표이사는 ""롯데푸드는 2017년 평택공장 준공, 2018년 평택공장 냉동 생산라인 구축, 2020년 김천공장 증축 등 적극적인 투자를 통해 가정간편식 사업 기반을 확대하고 있다""며 ""냉동간편식을 시작으로 가정간편식시장을 선도하는 종합식품회사로 성장할 것""이라고 말했다.","로또푸드(대표 조경수)가 2022년까지 5000억 원을 투자하여 냉동간편식사업을 강화하기로 결정했습니다. 기존의 상온위주 간편식 중심에서 냉동간편식까지 외연을 확대하여 가정간편식 매출을 끌어올릴 예정입니다. 롯데푸드는 '쉐푸드 냉동간편식'이라 불리는 냉동덮밥과 냉동면을 출시할 예정입니다. 냉동간편식 시장은 최근 급속냉동기술의 발달로 인해 고급화되고 있으며, 2013년부터 2017년까지 냉동식품 시장은 43.1%의 증가를 기록하였습니다. 롯데푸드가 출시한 쉐푸드 냉동간편식은 총 9종으로 구성되어 있으며, 유명 요리사들의 비법으로 만들어진 저렴한 가격의 덮밥과 파스타를 즐길 수 있습니다. 롯데푸드는 이를 위해 냉동간편식 라인을 구축하고 김천공장을 증축할 예정이며, 가정간편식 매출을 2022년까지 5000억 원 수준으로 확대할 계획입니다. 롯데푸드 대표이사 조경수는 ""가정간편식 사업 기반을 확대하기 위해 적극적인 투자를 진행하고 있다""고 밝혔습니다."
다음 글을 요약해라.,"발행사 긍정적 효과 기대 오는 9월 16일 한국 자본시장에 전자증권 시대가 열린다. 전자증권이란 종이증권을 발행하지 않고 전자등록의 방법으로 증권발행부터 유통 및 소멸까지의 전 과정을 전자화하는 제도다. 이를 통해 자본시장의 선진화와 효율성, 증권결제시스템의 국제정합성이 높아질 것으로 기대된다. 또 관련비용 절감 등 전자증권을 발행한 기업에도 긍정적인 효과가 기대된다. 27일 한국예탁결제원에 따르면 '전자증권제도의 시행일 및 전자증권법에서 위임한 사항 등에 대한 시행령 제정안'은 지난달 28일 입법예고됐다. 예고기간은 40일이다. 예탁결제원은 오는 9월 시행하는 전자증권제도를 앞두고 제도 정착을 위한 노력에 만전을 기하고 있다. 이병래 예탁결제원 사장은 ""전자증권 제도는 국내 자본시장 전체에 영향을 미치는 만큼 발행회사, 금융기관 등 자본시장 참가자 모두의 긴밀한 협력을 통해 도입을 준비해야 한다""고 강조했다. 현재 OECD 36개국 중 33개국이 도입, 시행하고 있는 전자증권제도는 종이증권을 이용한 음성거래 등을 차단함으로써 증권시장의 투명성 이 높아질 것으로 기대된다. 이와 함께 종이증권 발행 비용 및 위변조 도난분실 등 사회적 비용이 감소되어 자본시장의 효율성이 높아지고, 증권 발행·유통정보가 빨라지면서 투자자 보호에도 기여할 것으로 전망된다. 전자증권 발행사들은 우선 증권발행 절차가 획기적으로 개선되면서 효율성이 높아질 것으로 기대된다. 먼저 실물발행 및 교부가 폐지되고, 소유자명세 및 권리배정 기간이 단축되면서 주식 발행 및 상장에 소요되던 기간이 종래 최장 43일에서 20일로 대폭 줄어들 전망이다. 또 회사채 발행을 통한 자금조달도 용이해지고 다양한 채권 등록과 발행도 예상된다. 비용 측면에서는 주식 사무의 획기적인 간소화로 관련 비용의 절감이 가능하다. 전자등록 발행에 따라 주권의 가쇄 및 교부 절차가 불필요해지며, 명의개서·질권설정 및 말소·사고 신고 등 제청구 업무가 감소된다. 아울러 주주 구성 및 변동 내역 파악이 수월해져 주주 관리 업무의 효율성이 높아지고 전략적 의사 결정에도 기여할 것으로 기대된다. 오는 9월 전자증권 시대가 열릴 때 의무적으로 일괄 전환되는 증권은 9월 11일 기준 거래소에 상장된 증권, 투자신탁 수익권, 집합투자증권, 조건부자본증권, 파생결합증권, 증권예탁증권 및 주권 상장법인이 발행한 종류주식, 신주인수권 증서·증권 등이다. 발행사들은 해당 전자등록전환 주식등을 전자등록한다는 취지로 정관 및 발행계약서를 변경해야 한다. 예탁결제원은 해당 발행회사를 대상으로 6월 중에 일괄전자등록전환 대상임을 통지할 예정이다. 이후 발행사들은 7월 15일부터 9월 11일까지 전자등록기관지정, 발행인관리계좌개설 및 업무참가, 사용자등록 등을 위한 신청서류를 예탁결제원에 제출해야 한다. 지난해 말 기준 비상장 주식의 경우는 신청에 따라 전자증권으로 전환할 수 있다. 다만 전자등록 전환을 원하는 경우에 반드시 해당 전자등록전환 주식 등을 전자등록한다는 취지로 정관 및 발행 관련 계약·약관을 변경해야 한다. 그 후 3월 18일부터 6월 14일까지 예탁결제원에 전자등록을 신청해야 한다. 이때 전자등록기관지정, 발행인관리계좌개설 및 업무참가, 사용자 등록 등을 위한 신청서류를 예탁결제원에 함께 제출해야 한다. 한편, 전자등록 전환 대상 발행회사는 주주명부상 권리자에게 전환대상 실물주권이 제도 시행일부터 효력이 상실된다는 것과 시행일전까지 실물주권을 제출해야한다. 또 실물주권을 제출하지 않은 경우 특별계좌에 전자등록되어 계좌대체 등 일부 권리행사가 제한될 수 있다는 사실을 미리 공고 및 통지해야 한다.","9월 16일에 한국 자본시장에 전자증권 시대가 열린다. 전자증권은 전자등록을 통해 종이증권을 발행하고 유통 및 소멸하는 제도다. 이로써 자본시장의 선진화와 효율성, 국제적인 증권결제시스템의 정합성이 기대된다. 또 전자증권을 발행한 기업도 관련비용을 절감할 수 있을 것으로 기대된다. 한국예탁결제원은 9월 전자증권제도를 위해 노력하고 있다. 전자증권제도는 종이증권을 사용한 음성거래를 차단함으로써 투명성을 높일 것으로 기대되며, 종이증권 발행 비용 및 위변조 도난분실 등의 사회적 비용을 감소시켜 자본시장의 효율성을 높일 것으로 예상된다. 전자증권 발행사들은 증권발행 절차가 개선되어 효율성이 높아질 것으로 기대되며, 주식 발행 시간이 크게 단축될 것으로 전망된다. 또한 회사채 발행과 다양한 채권 등록 및 발행도 예상된다. 이에 따라 관련 비용도 절감될 수 있을 것이다. 전자증권 시대는 9월 16일에 시작되며, 이를 위해 발행사들은 관련 정관 및 계약서를 변경해야 한다. 비상장 주식의 경우에도 전자증권으로 전환할 수 있다. 전자등록 전환 대상 발행사들은 해당 전자등록전환 주식을 전자등록해야 하며, 이를 위해 예탁결제원에 신청서류를 제출해야 한다. 전자등록 전환 대상 발행사들은 시행일 전까지 실물주권을 제출해야 하며, 제출하지 않을 경우 일부 권리행사가 제한될 수 있다는 사실을 공고해야 한다."
다음 글을 요약해라.,"북미 2차 정상회담 개막일에 맞춰 북한과 미국이 영변 핵시설 폐쇄와 남북경협을 위한 일부 제재완화, 평화선언 및 북미 연락사무소 설치 등에 잠정합의했다는 보도가 나와 관심을 끌고 있다. 미국의 탐사보도 전문매체 복스(VOX) 미디어는 27일(미 현지시간 기준 26일) 북미협상에 관여하는 3명의 소식통을 인용, 도널드 트럼프 미 대통령과 김정은 북한 국무위원장의 27~28일 담판에서 실제 합의 내용이 크게 달라질 수도 있다고 전제하면서 이같은 내용의 잠정합의문을 독점 보도했다. 트럼프 대통령과 김정은 위원장은 이날 오후 간단한 단독 환담에 이어 친교만찬을 갖는 것으로 1박 2일간의 '2차 담판'에 돌입한다. 양 정상은 28일엔 메인이벤트로 단독 정상회담과 확대정상회담, 공동성명 서명식과 발표 등의 절차를 거치며 최소한 5번은 만날 예정이다. 복스가 취재했다는 잠정합의안에 따르면, 북한은 영변 핵시설에서 핵무기 제조에 사용하는 핵연료의 생산 중단을 약속한다. 이와 관련, 영변 핵시설의 폐기까지 명시될지 주목되고 있고 다른 핵시설도 추가될 수 있다고 복스는 밝혔다. 대신 트럼프 대통령은 유엔 안보리의 대북제재 중 일부를 완화하도록 노력할 것임을 약속할 것으로 보인다. 우선 남북경제협력이 가능하도록 제재면제, 제재완화를 해주게 될 것으로 이 언론은 전했다. 북미는 또한 한국전쟁 종료를 상징적으로 알리는 평화선언 체결에도 합의했다. 북미 연락사무소 개설도 잠정 합의 대상에 포함됐다. 북한이 한국전쟁에서 숨진 미군 유해를 추가로 돌려보내는 데도 합의가 이뤄졌다. 복스는 소식통을 인용, 트럼프 대통령이 미군 유해 송환을 매우 중요한 사안으로 여기고 있다고 설명했다. 복스는 ""(이렇게 되면) 김 위원장에게는 대단한 승리이고 미국에는 꼭 그렇지 않다""면서 ""트럼프 대통령이 얻는 것보다 내주는 것이 많다는 것이 문제""라고 지적했다. 하루 전 차례로 하노이에 입성한 트럼프 대통령과 김정은 위원장은 각자의 숙소에서 정상회담 실무협상팀으로부터 접촉 결과를 보고받고 회담 전략을 가다듬은 것으로 전해졌다. 조선중앙통신은 27일 ""김정은 동지가 26일 베트남 하노이에 도착해 제2차 조미(북미) 수뇌회담(북미정상회담) 실무대표단의 사업 정형을 보고받으셨다""면서 ""최고 영도자 동지는 멜리아 호텔에서 제2차 조미 수뇌회담의 성공적 보장을 위해 조미 두 나라가 현지에 파견한 실무대표단 사이의 접촉 정형을 구체적으로 청취하셨다""고 보도했다. 트럼프 대통령은 이날(현지시간) 김 위원장과의 회동 전인 오전 11시 응우옌 푸 쫑 국가주석과의 확대 양자 회담, 베트남 정부 인사들과의 확대 회담 및 무역 관련 서명, 응우옌 쑤언 푹 총리와의 회담 및 업무 만찬 등 베트남 지도자들과의 회담일정을 소화할 예정이다.","북미 2차 정상회담 개막일에 맞춰 북한과 미국이 영변 핵시설 폐쇄와 남북경협을 위한 일부 제재완화, 평화선언 및 북미 연락사무소 설치 등에 잠정합의했다는 보도가 나왔다. 미국의 탐사보도 전문매체 복스 미디어에 따르면, 북한은 영변 핵시설에서 핵무기 제조에 사용하는 핵연료의 생산 중단을 약속하고 다른 핵시설도 추가로 폐기될 수 있다. 대신 트럼프 대통령은 대북 제재 중 일부를 완화하도록 노력할 것으로 보인다. 남북경제협력을 위해 제재면제와 완화도 고려되었으며, 평화선언 체결과 북미 연락사무소 개설도 합의됐다. 또한 북한이 한국전쟁에서 숨진 미군 유해를 추가로 돌려보내는 합의도 이뤄졌다. 복스는 이러한 합의로 김 위원장에게는 대단한 승리이지만, 트럼프 대통령에게는 내주는 것이 많을 수 있다고 지적했다. 이번 정상회담에서 트럼프 대통령과 김 위원장은 단독 환담과 친교만찬을 거쳐 1박 2일간의 담판에 돌입하며, 최소한 5번은 만나게 될 예정이다. 이는 북미 협상에 관여하는 소식통을 인용한 보도로 확인된 내용이다. 앞서 트럼프 대통령과 김 위원장은 각자의 숙소에서 회담 실무협상팀으로부터 접촉 결과를 보고받고 회담 전략을 가다듬었다고 전해졌다. 트럼프 대통령은 이날 김 위원장과의 회동 전에 베트남 주석과의 확대 양자 회담 및 정부 인사들과의 회담, 무역 관련 서명, 총리와의 회담과 업무 만찬 등 베트남 지도자들과의 회담 일정을 소화할 예정이다. 400자 초과."
다음 글을 요약해라.,"기재부 심의통과 이전확정 경기도 부천시 도심에 65년간 주둔해 온 오정 군부대 이전이 확정됐다. 군부대가 떠난 터에는 친환경 스마트 주거단지가 조성돼 상대적으로 낙후된 오정구지역에 활력을 불어넣을 것으로 기대된다. 장덕천 부천시장은 27일 기자회견을 열고 ""시민 숙원이었던 오정 군부대 이전이 26일 기획재정부 기부대양여 심의를 통과해 확정됐다""며 ""2025년까지 부대 부지를 포함한 56만1968㎡에 3700세대 규모의 친환경 스마트 주거단지를 조성해 소통하는 시민의 품에 돌아오게 된다""고 밝혔다. 오정 군부대는 1953년부터 미군이 주둔했던 시설을 1985년 국군이 인수받았으며 약 65년 동안 주둔해왔다. 그동안 인근 주민들은 군부대 때문에 지역개발이 제한되고 도로망 단절로 인한 교통 불편, 군 작전 훈련에 따른 소음·분진 등의 피해를 호소해왔다. 부천시는 지난 2013년 지역주민 1680여명이 서명한 군부대 이전 주민건의를 시작으로 부천시장 서한문 전달 등 군부대 이전을 지속적으로 건의해왔다. 2015년 군·관 공동 태스크포스를 구성해 협의를 벌인 결과 2016년 10월 국방부로부터 부대이전 협의 통보를 받아냈다. 이후 수차례 관계기관 회의와 현장 확인을 통한 이견조정을 거쳐 2017년 9월 국방부와 최종협의 후 기재부의 기부대양여 분과위원회에 심의를 요청했고, 26일 기재부의 사업성 검토와 심의를 통과했다. 군부대 이전은 부천시가 국방부에 군부대 대체시설을 기부하고 국방부는 군부대 부지를 시에 양여하는 '기부 대 양여사업 방식'으로 추진된다.","경기도 부천시 도심에 65년간 주둔해온 오정 군부대의 이전이 확정됐다. 이로 인해 오정구 지역에는 친환경 스마트 주거단지가 조성될 것으로 예상된다. 부천시장은 오정 군부대 이전이 심의 통과되었으며, 2025년까지 부지를 포함한 3700세대의 친환경 스마트 주거단지를 조성할 예정이라고 밝혔다. 오정 군부대는 1953년부터 미군이 사용하여 1985년 국군이 인수한 이후 65년동안 주둔해왔다. 지역주민들은 군부대로 인해 지역개발이 제한되고 교통 불편, 소음, 분진 피해 등을 호소했다. 이에 부천시는 2013년 부터 군부대 이전을 건의하였으며, 2016년 국방부로부터 부대이전 협의 통보를 받은 후 군·관 공동 태스크포스를 구성하여 협의를 벌였다. 2017년 9월 국방부와의 최종협의를 거쳐 기재부의 심의를 요청한 결과, 26일에 심의 통과되었다. 군부대 이전은 부천시가 국방부에 대체시설을 기부하고 부지를 시에 양도하는 '기부 대 양여사업 방식'으로 추진된다."
다음 글을 요약해라.,"3.15 의거의 정신적 토대 3.1운동 100주년을 앞두고 경남 창원에서 일어났던 만세운동이 주목받고 있다. 창원은 어느 만세운동보다 격렬했던 4.3 삼진의거가 일어났던 지역이었고, 3~4월 두 달 동안 무려 13번의 만세운동이 일어났을 만큼 자주독립에 대한 열망이 거셌던 도시였다. 창원은 지리적으로 일본과 가까워 일찍이 침략의 거점이 됐다. 일제는 마산에 동양척식주식회사 마산출장소를 설치하고, 마산항을 대일 수출입항으로 삼아 경제적 침탈을 본격화했다. 우리나라 최초의 개획도시 진해가 건설된 것도 1910년대다. 이러한 시대상황 때문에 창원지역 사람들에게는 일제에 대한 저항의식이 짙게 깔려 있었다. 3월과 4월 두 달 사이에 무려 13번의 만세운동이 일어났다. 그 과정에서 100명이 넘는 애국지사와 시민·학생들이 목숨을 잃거나 체포·구금됐다. 하지만 창원 사람들은 저항을 멈추지 않았고, 오히려 민족의식과 정치의식이 높아졌다. 이런 배경은 이후 다양한 사회운동과 조직을 성장시키는 토대가 됐다. 또한 이 정신이 이어져 1960년 3월 15일 자유·민주·정의를 외쳤던 3.15 의거의 정신적 토대가 됐다. 창원시는 3.1운동 100주년을 맞아 100년간 이어져온 불굴의 독립정신을 이어받고 자랑스러운 민주성지의 자긍심을 알리기 위해 다채로운 기념행사를 준비하고 있다. 3월 1일 애국지사 추모제와 추념식을 비롯해 지역 곳곳에서 범시민 동시 만세운동이 재현되고 거리행진이 펼쳐진다. 허성무 시장은 ""3.1운동 100주년을 맞아 어느 해보다 더 경건하게 우리 역사를 기념하고 기억하려 한다""며 ""창원 시민들도 잘 모르는 창원의 역사를 다시 되새겨 자긍심을 높이고, 지역 발전의 새 동력으로 삼겠다""고 말했다.","3.1운동 100주년을 앞두고 경남 창원에서 일어난 만세운동이 주목받고 있다. 창원은 4.3 삼진의거가 일어난 지역이었고, 3월과 4월 두 달 동안 13번의 만세운동이 일어났다. 창원은 지리적으로 일본과 가까워 침략의 거점이 되었다. 일제는 마산에 동양척식주식회사를 설치하고, 마산항을 대일 수출입항으로 삼아 경제적 침탈을 본격화했다. 창원지역 사람들은 일제에 대한 저항의식이 깔려 있었고, 애국지사와 시민, 학생들이 목숨을 잃거나 체포, 구금되었다. 하지만 창원 사람들은 저항을 멈추지 않았고, 민족의식과 정치의식이 높아졌다. 이러한 배경은 이후 사회운동과 조직을 성장시키는 토대가 되었다. 이 정신이 이어져 1960년 3월 15일 3.15 의거의 정신적 토대가 되었다. 창원시는 3.1운동 100주년을 맞아 불굴의 독립정신을 이어받고 민주성지의 자긍심을 알리기 위해 기념행사를 준비하고 있다. 3월 1일 애국지사 추모제와 추념식을 비롯해 범시민 동시 만세운동이 재현되고 거리행진이 펼쳐질 예정이다."
다음 글을 요약해라.,"공식오찬에 기업인도 참석 문재인 대통령은 27일 오전 청와대에서 모하메드 빈 자이드 알-나흐얀 아랍에미리트(UAE) 왕세제 겸 통합군 부총사령관과 정상회담을 가졌다. 지난해 문 대통령의 공식방문에서 합의했던 양국의 협력사항을 한 차원 높이기 위한 방안을 논의했다. 정상회담 후 열린 두 정상의 공식오찬에는 이재용 삼성전자 부회장, 최태원 SK그룹 회장 등 국내 기업인도 참석했다. 문 대통령은 이날 오전 청와대 대정원에서 모하메드 UAE 왕세제의 공식방한을 환영하는 환영식을 시작으로 정상회담 공식일정에 참석했다. 문 대통령은 1박2일 일정으로 공식 방한한 모하메드 왕세제와 26일 밤 비공개 만찬을 갖고 현안을 논의했다. 문 대통령은 지난해 3월 UAE를 공식방한해 중동국가로는 유일하게 '특별전략적 동반자 관계'를 체결하고 양국의 교역·투자·건설 등 다양한 분야로 협력을 확대하기로 합의한 바 있다. 오늘 정상회담에는 양국 정상과 함께 양국의 핫라인 역할을 해 온 임종석 UAE 특보와 칼둔 아부다비 행정청장 등이 배석할 것으로 알려졌다. 이날 정상회담 후 양국은 △이중과세 방지 △관광교류 협력 △스마트팜 협력 △청정생산 생태산업 개발 △폐기물 재활용 정책 응용 △산업투자 △수도도시 기술협력 △저유시설 계약에 관한 협약 등에 관한 협정과 양해각서에 서명했다. 공식 오찬에는 양국 관계자들과 함께 국내 기업인 다수가 참석할 예정이다. 이재용 삼성전자 부회장은 26일 모하메드 왕세제와 함께 삼성전자 화성공장의 반도체 생산라인을 둘러봤다. 이에 앞서 지난 11일 아부다비를 방문해 만난 바 있다. 최태원 SK그룹 회장도 참석한다. SK건설은 2017년 12월 체결된 20억 달러 규모의 푸자이라 지하 원유저장시설 프로젝트에 참여했다.","공식오찬에 기업인도 참석 문재인 대통령은 27일 오전 청와대에서 모하메드 빈 자이드 알-나흐얀 아랍에미리트(UAE) 왕세제 겸 통합군 부총사령관과 정상회담을 가졌다. 지난해 문 대통령의 공식방문에서 합의했던 양국의 협력사항을 한 차원 높이기 위한 방안을 논의했다. 정상회담 후 열린 두 정상의 공식오찬에는 이재용 삼성전자 부회장, 최태원 SK그룹 회장 등 국내 기업인도 참석했다. 오늘 정상회담에는 양국 정상과 함께 양국의 핫라인 역할을 해 온 임종석 UAE 특보와 칼둔 아부다비 행정청장 등이 배석할 것으로 알려졌다. 이날 정상회담 후 양국은 이중과세 방지, 관광교류 협력, 스마트팜 협력, 청정생산 생태산업 개발, 폐기물 재활용 정책 응용, 산업투자, 수도도시 기술협력, 저유시설 계약에 관한 협약 등에 관한 협정과 양해각서에 서명했다. 공식 오찬에는 양국 관계자들과 함께 국내 기업인 다수가 참석할 예정이다. 이재용 삼성전자 부회장은 26일 모하메드 왕세제와 함께 삼성전자 화성공장의 반도체 생산라인을 둘러봤다. 최태원 SK그룹 회장도 참석한다."
다음 글을 요약해라.,"곧이어 친교만찬 예정 2차 핵 담판이 두 주인공의 하노이 도착과 함께 카운트다운에 들어갔다. 김정은 북한 국무위원장과 도널드 트럼프 미국 대통령은 2차 북미 정상회담(27∼28일)을 하루 앞둔 26일 개최지인 베트남 하노이에 도착했다. 김 위원장이 오전에 전용열차를 타고, 트럼프 대통령이 밤에 전용기편으로 역사적 회담을 위한 무대에 입성했다. 김 위원장은 지난 23일 오후 4시30분께 평양역을 출발, 중국 대륙을 종단하며 65시간여동안 3800㎞를 달려 26일 오전 8시10분(현지시간·한국시간 10시10분)께 베트남의 중국 접경지인 랑선성 동당역에 도착했다. 북한 최고 지도자의 베트남 방문은 김 위원장 조부인 김일성 주석의 1964년 방문 이후 55년만이다. 다소 지친 기색으로 열차에서 내린 김 위원장은 동당역 앞에서 대기 중이던 전용차로 바꿔타고 하노이로 이동, 오전 11시께 멜리아호텔에 여장을 풀었다. 김정은 위원장은 오후에 50분간 베트남주재 북한대사관을 방문한 것 외에는 외부로 모습을 드러내지 않았다. 김 위원장에 이어 트럼프 대통령은 이날 밤 8시 54분 전용기편으로 하노이 노이바이 국제공항에 도착한 뒤 곧바로 숙소인 하노이 JW메리어트호텔로 향했다. 트럼프 대통령은 27일 오전 11시 주석궁에서 응우옌 푸 쫑 국가주석과, 정오에는 정부 건물에서 응우옌 쑤언 푹 총리와 각각 회담할 계획이다. 김정은 위원장과 트럼프 대통령의 만남은 27일 오후에 시작된다. 양 정상은 27일 간단한 단독회담 및 환담(brief one on one·greeting)에 이어 친교 만찬(social dinner)을 진행할 예정이다. 이 회동 및 만찬이 북미정상회담 일정의 본격적인 시작을 알리는 신호탄이다. 만찬 장소는 알려지지 않았지만 오페라하우스나 베트남 정부 게스트하우스(영빈관) 등이 거론된다. 만찬에는 북미 정상 외에 양측에서 2명씩 배석한다. 미국 측에서는 마이크 폼페이오 국무장관과 믹 멀베이니 백악관 비서실장 대행이, 북측에서는 김영철 북한 노동당 부위원장 겸 통일전선부장 등이 배석한다. 김 부위원장 외 북측 배석자의 명단은 아직 공개되지 않았으나 주요 계기마다 오빠인 김정은 위원장을 근접 보좌했던 김여정 노동당 중앙위원회 제1부부장이 테이블에 자리할 가능성이 크다. 양 정상이 만찬을 함께하는 것은 처음으로, 부드러운 분위기 속에서 비핵화-상응조치를 둘러싼 허심탄회한 의견 교환이 가능할 것으로 기대된다.","김정은 북한 국무위원장과 도널드 트럼프 미국 대통령은 베트남 하노이에서 개최되는 2차 북미 정상회담을 앞두고 도착했다. 김 위원장은 전용열차를 타고 도착하였고, 트럼프 대통령은 전용기편으로 하노이로 향했다. 이는 김 위원장의 55년 만의 베트남 방문이며, 양 정상은 다양한 회의와 만찬 등의 일정을 가질 예정이다. 북미 정상회담은 비핵화와 관련된 의견 교환이 가능할 것으로 예상된다. 만찬에는 북미 정상 외에 양측에서 2명씩 배석되며, 김여정 노동당 중앙위원회 제1부부장이 김 위원장을 보좌할 가능성이 크다. 이번 회담은 북미정상회담 일정의 본격적인 시작을 알리는 신호탄이다. 최소 400자 이상으로 요약된 글을 출력한다."
다음 글을 요약해라.,"3월 1~2일 베트남 공식방문 2차 북미정상회담이 27일부터 이틀간 진행될 예정인 가운데 26일 베트남 하노이에 도착한 김정은 북한 국무위원장이 실무협상팀부터 만나면서 회담 성공의지를 드러냈다. 북한 매체들은 이날 김 위원장의 도착소식을 전하면서 ""김정은 동지가 26일 베트남 하노이에 도착해 제2차 조미 수뇌회담(북미정상회담) 실무대표단의 사업 정형(결과)을 보고 받으셨다""면서 ""최고 영도자 동지는 멜리아 호텔에서 제2차 조미 수뇌회담의 성공적 보장을 위해 두 나라가 현지에 파견한 실무대표단 사이의 접촉 정형을 구체적으로 청취하셨다""고 전했다. 북한 노동당 기관지 노동신문도 김 위원장이 실무대표단으로부터 보고받는 사진과 함께 같은 내용을 보도했다. 26일 오전 11시께 하노이에 도착한 김 위원장이 이날 오후 5시 북한 대사관을 방문하기 위해 처음 외출하기 전까지 호텔에 머문 만큼 이 시간 동안 북측 실무대표단을 이끈 김혁철 대미 특별대표 등을 면담한 것으로 보여진다. 노동신문에 실린 사진에는 김혁철 대표를 비롯해 리용호 외무상, 최선희 외부성 부상, 김성혜 당 통일전선부 통일정책실장이 원탁에 둘러앉아 회의하는 모습이 공개됐다. 전용열차를 통해 베트남으로 입국한 김 위원장이 이동 기간 동안에도 충분히 보고를 받았을 것임에도 불구하고 베트남에 도착하자마자 실무팀부터 만난 것은 이번 회담에 대한 강한 성사의지를 드러낸 것이라는 관측이 제기된다. 중앙통신과 노동신문은 ""최고영도자 동지는 2월 27일부터 28일까지 미합중국 대통령 도널드 트럼프와 상봉하시고 역사적인 제2차 조미 수뇌회담을 진행하시게 되며 3월 1일부터 2일까지 베트남 사회주의공화국을 공식 친선 방문하시게 된다""며 이후 일정까지 공개했다. 북한 매체들은 김 위원장의 베트남 도착 후 현지 분위기와 북한 대사관 방문 등도 상세히 보도했다. 현지에서 환대받은 내용과 함께 북한 대사관을 방문해 ""주재국과의 사업을 잘해 김일성 주석 동지와 호찌민 주석서 친히 맺어주시고 발전시켜온 두 당, 두 나라 사이의 친선협조 관계를 시대적 요구에 맞게 더욱 공고히 해나가야 한다""고 통신이 전했다. 이처럼 중앙통신과 노동신문이 김 위원장의 일거수일투족을 상세히 보도하는 것을 두고 이번 회담성패에 대한 모종의 자신감이 반영된 것이 아니냐는 관측도 나오고 있다.","3월 1~2일 베트남 공식방문 2차 북미정상회담이 27일부터 이틀간 진행될 예정인 가운데 26일 베트남 하노이에 도착한 김정은 북한 국무위원장이 실무협상팀부터 만나면서 회담 성공의지를 드러냈다. 북한 매체들은 김 위원장의 도착소식을 전하면서 ""김정은 동지가 26일 베트남 하노이에 도착해 제2차 조미 수뇌회담(북미정상회담) 실무대표단의 사업 정형(결과)을 보고 받으셨다""면서 ""최고 영도자 동지는 멜리아 호텔에서 제2차 조미 수뇌회담의 성공적 보장을 위해 두 나라가 현지에 파견한 실무대표단 사이의 접촉 정형을 구체적으로 청취하셨다""고 전했다. 북한 노동당 기관지 노동신문도 김 위원장이 실무대표단으로부터 보고받는 사진과 함께 같은 내용을 보도했다. 26일 오전 11시께 하노이에 도착한 김 위원장이 이날 오후 5시 북한 대사관을 방문하기 위해 처음 외출하기 전까지 호텔에 머문 만큼 이 시간 동안 북측 실무대표단을 이끈 김혁철 대미 특별대표 등을 면담한 것으로 보여진다. 노동신문에 실린 사진에는 김혁철 대표를 비롯해 리용호 외무상, 최선희 외부성 부상, 김성혜 당 통일전선부 통일정책실장이 원탁에 둘러앉아 회의하는 모습이 공개됐다. 전용열차를 통해 베트남으로 입국한 김 위원장이 이동 기간 동안에도 충분히 보고를 받았을 것임에도 불구하고 베트남에 도착하자마자 실무팀부터 만난 것은 이번 회담에 대한 강한 성사의지를 드러낸 것이라는 관측이 제기된다. 중앙통신과 노동신문은 ""최고영도자 동지는 2월 27일부터 28일까지 미합중국 대통령 도널드 트럼프와 상봉하시고 역사적인 제2차 조미 수뇌회담을 진행하시게 되며 3월 1일부터 2일까지 베트남 사회주의공화국을 공식 친선 방문하시게 된다""며 이후 일정까지 공개했다. 북한 매체들은 김 위원장의 베트남 도착 후 현지 분위기와 북한 대사관 방문 등도 상세히 보도했다. 현지에서 환대받은 내용과 함께 북한 대사관을 방문해 ""주재국과의 사업을 잘해 김일성 주석 동지와 호찌민 주석서 친히 맺어주시고 발전시켜온 두 당, 두 나라 사이의 친선협조 관계를 시대적 요구에 맞게 더욱 공고히 해나가야 한다""고 통신이 전했다. 이처럼 중앙통신과 노동신문이 김 위원장의 일거수일투족을 상세히 보도하는 것을 두고 이번 회담성패에 대한 모종의 자신감이 반영된 것이 아니냐는 관측도 나오고 있다."
다음 글을 요약해라.,"28일 오후 '하노이선언' 발표 예정 … 미 매체 복스 '잠정합의문' 보도 눈길 한반도 비핵화와 평화정착의 구체적 향방을 가를 북미 정상간 2차 담판이 27일 저녁 베트남 하노이에서 시작된다. 지난해 6월 12일 첫 북미정상회담이 열린 싱가포르에 쏠렸던 전 세계의 시선은 8개월여 만에 하노이로 쏠려 있다. 도널드 트럼프 미국 대통령과 김정은 북한 국무위원장은 이날 베트남 현지시간 오후 6시 30분(한국시간 오후 8시 30분) 소피텔 레전드 메트로폴 하노이 호텔에서 만나며, 단독(일대일) 회담과 친교 만찬(social dinner) 순으로 약 2시간에 걸쳐 회동한다. 백악관 발표에 따르면, 트럼프 대통령은 이날 오후 6시 15분 숙소인 JW메리어트 호텔을 출발해 15분 후 회담장인 소피텔 레전드 메트로폴 하노이 호텔에 도착한다. 트럼프 대통령은 오후 6시 30분 김 위원장과 만나 인사 및 환담을 하고, 10분 후인 오후 6시 40분부터 20분간 김 위원장과 일대일로 대면하는 단독회담을 한다. 이어 오후 7시부터 1시간 30분 정도 친교 만찬이 진행된다. 만찬은 트럼프 대통령과 김 위원장 외에 양측에서 2명의 주요 인사가 참석하는 '3+3' 형식이 될 전망이다. 미국 측에서는 마이크 폼페이오 국무장관과 믹 멀베이니 백악관 비서실장대행이 동행하는 것으로 알려졌다. 북한 측에서는 김영철 북한 노동당 부위원장의 참석이 유력한 가운데 다른 참석 인사가 누구인지는 알려지지 않았다. 정상회담 이틀째인 28일은 단독 정상회담과 확대 정상회담에 이어 공동성명 서명식과 발표로 북미간 최종 타결안이 모습을 드러낸다. 두 정상이 전 세계가 지켜보는 가운데 발표할 '하노이 선언'은 지난해 1차 정상회담에서 합의한 △완전한 비핵화 △새로운 북미관계 수립 △한반도 평화체제 구축 △미군 유해 송환의 4개 기둥이 상호 실천적 이행으로 한걸음 더 나아가는 합의사항을 담을 것으로 예상된다. 스티븐 비건 미 국무부 대북정책 특별대표와 김혁철 북한 대미특별대표가 평양과 하노이에서 진행해온 실무협상은 북한의 영변 핵시설 폐기 및 그외 추가 조치 여부, 금강산관광 등 남북경협 사업에 대한 미국의 제재 면제 범위, 양자간 평화선언과 상호 연락사무소 설치 등을 상호 상응조치의 대상으로 삼아 치열한 줄다리기가 진행된 것으로 보인다. 정상회담의 합의문 초안 마련을 위한 양측의 실무접촉이 어느 선까지 의견접근을 이뤘는지는 확인되지 않고 있으나, 트럼프 대통령과 김정은 위원장이 1박2일 동안 어느 정도 수준의 결단을 내리느냐에 따라 회담 결과가 갖는 파급력이 결정될 전망이다. 내년 대선을 앞두고 뮬러 특검과 국경장벽 건설, 이민자 문제 등 국내 현안 대부분의 사안에서 사면초가의 형국에 놓인 트럼프 대통령은 핵심 대외이슈로 떠오른 북한 핵·미사일과 한반도 문제 해결에서 가시적이고 뚜렷한 업적을 이뤄야 할 처지다. 내부 강경파의 만류를 뒤로하고 '완전한 비핵화'를 거듭 공표해 체제안전 보장을 대가로 핵을 포기할 수 있다는 의사를 밝힌 김정은 위원장도 미국의 대북제재 완화를 확보하지 못하면 스스로 선언한 경제건설 집중 노선이 차질을 빚는 정치적 내상을 입게 된다. 이런 상황에서 2차 북미정상회담 개막일에 보도된 미 탐사보도 전문매체 복스의 북미 잠정합의문 보도는 주목할 만하다. 복스가 보도한 잠정합의문은 4개항으로 이뤄져 있다. 첫째는 한국전쟁 종전을 상징적으로 알리고 70년 적대관계를 청산하는 평화선언이다. 둘째 항목은 북한이 1차 정상회담 이후 55구를 송환했던 한국전쟁 전사 미군 유해를 추가로 송환한다는 내용이다. 세 번째 항목은 양국에 연락사무소를 상호 개설해 국교정상화를 향한 첫 조취를 취한다는 것이고, 북한의 영변 핵시설 폐기와 미국의 제재완화가 마지막 항목으로 자리잡게 된다고 복스는 전했다.","28일 오후 '하노이선언' 발표 예정 … 미 매체 복스 '잠정합의문' 보도 눈길 한반도 비핵화와 평화정착의 구체적 향방을 가를 북미 정상간 2차 담판이 27일 저녁 베트남 하노이에서 시작된다. 지난해 6월 12일 첫 북미정상회담이 열린 싱가포르에 쏠렸던 전 세계의 시선은 8개월여 만에 하노이로 쏠려 있다. 도널드 트럼프 미국 대통령과 김정은 북한 국무위원장은 이날 베트남 현지시간 오후 6시 30분(한국시간 오후 8시 30분) 소피텔 레전드 메트로폴 하노이 호텔에서 만나며, 단독(일대일) 회담과 친교 만찬(social dinner) 순으로 약 2시간에 걸쳐 회동한다. 백악관 발표에 따르면, 트럼프 대통령은 이날 오후 6시 15분 숙소인 JW메리어트 호텔을 출발해 15분 후 회담장인 소피텔 레전드 메트로폴 하노이 호텔에 도착한다. 트럼프 대통령은 오후 6시 30분 김 위원장과 만나 인사 및 환담을 하고, 10분 후인 오후 6시 40분부터 20분간 김 위원장과 일대일로 대면하는 단독회담을 한다. 이어 오후 7시부터 1시간 30분 정도 친교 만찬이 진행된다. 만찬은 트럼프 대통령과 김 위원장 외에 양측에서 2명의 주요 인사가 참석하는 '3+3' 형식이 될 전망이다. 미국 측에서는 마이크 폼페이오 국무장관과 믹 멀베이니 백악관 비서실장대행이 동행하는 것으로 알려졌다. 북한 측에서는 김영철 북한 노동당 부위원장의 참석이 유력한 가운데 다른 참석 인사가 누구인지는 알려지지 않았다. 정상회담 이틀째인 28일은 단독 정상회담과 확대 정상회담에 이어 공동성명 서명식과 발표로 북미간 최종 타결안이 모습을 드러낸다. 두 정상이 전 세계가 지켜보는 가운데 발표할 '하노이 선언'은 지난해 1차 정상회담에서 합의한 완전한 비핵화, 새로운 북미관계 수립, 한반도 평화체 제구축, 미군 유해 송환의 4개 기둥이 상호 실천적 이행으로 한걸음 더 나아가는 합의사항을 담을 것으로 예상된다. 스티븐 비건 미 국무부 대북정책 특별대표와 김혁철 북한 대미특별대표가 평양과 하노이에서 진행해온 실무협상은 북한의 영변 핵시설 폐기 및 그외 추가 조치 여부, 금강산관광 등 남북경협 사업에 대한 미국의 제재 면제 범위, 양자간 평화선언과 상호 연락사무소 설치 등을 상호 상응조치의 대상으로 삼아 치열한 줄다리기가 진행된 것으로 보인다. 정상회담의 합의문 초안 마련을 위한 양측의 실무접촉이 어느 선까지 의견접근을 이뤘는지는 확인되지 않고 있으나, 트럼프 대통령과 김정은 위원장이 1박2일 동안 어느 정도 수준의 결단을 내리느냐에 따라 회담 결과가 갖는 파급력이 결정될 전망이다. 내년 대선을 앞두고 뮬러 특검과 국경장벽 건설, 이민자 문제 등 국내 현안 대부분의 사안에서 사면초가의 형국에 놓인 트럼프 대통령은 핵심 대외이슈로 떠오른 북한 핵·미사일과 한반도 문제 해결에서 가시적이고 뚜렷한 업적을 이뤄야 할 처지다. 내부 강경파의 만류를 뒤로하고 '완전한 비핵화'를 거듭 공표해 체제안전 보장을 대가로 핵을 포기할 수 있다는 의사를 밝힌 김정은 위원장도 미국의 대북제재 완화를 확보하지 못하면 스스로 선언한 경제건설 집중 노선이 차질을 빚는 정치적 내상을 입게 된다. 이런 상황에서 2차 북미정상회담 개막일에 보도된 미 탐사보도 전문매체 복스의 북미 잠정합의문 보도는 주목할 만하다. 복스가 보도한 잠정합의문은 4개항으로 이뤄져 있다. 첫째는 한국전쟁 종전을 상징적으로 알리고 70년 적대관계를 청산하는 평화선언이다. 둘째 항목은 북한이 1차 정상회담 이후 55구를 송환했던 한국전쟁 전사 미군 유해를 추가로 송환한다는 내용이다. 세 번째 항목은 양국에 연락사무소를 상호 개설해 국교정상화를 향한 첫 조취를 취한다는 것이고, 북한의 영변 핵시설 폐기와 미국의 제재완화가 마지막 항목으로 자리잡게 된다고 복스는 전했다."
다음 글을 요약해라.,"보암모, 금감원 앞 집회 … '암입원보험금 지급거부' 삼성생명 등 종합검사 촉구 최근 삼성생명 본사 앞으로 정기 집회 장소를 옮겼던 보암모(보험사에 대응하는 암환우 모임) 회원들이 26일 집회를 다시 금융감독원 앞에서 진행했다. 4년 만에 부활하는 금융회사 종합검사를 앞두고 요양병원 암입원보험금 지급을 거부하는 보험사들에 대한 검사를 촉구하기 위한 것이다. 보암모는 이날 집회에서 ""보험회사의 암입원보험금 부지급 관행은 오랫동안 방치된 진정한 보험적폐""라면서 ""암환자들의 암입원보험금 부지급과 관련한 보험사의 위법과 부당한 업무행위에 대한 종합검사를 촉구한다""고 밝혔다. 26일 금융감독원 앞에서 보암모(보험사에 대응하는 암환우 모임) 회원들은 암입원보험금을 약관대로 지급할 것을 요구하는 집회를 열었다. 보암모는 금감원이 지난해 보험사에 제시한 암입원보험금 지급 관련 3가지 가이드라인과 관련해서도 문제를 제기했다. 보험사가 이 기준대로 보험금을 지급하게 되면 보험 약관에 따라 지급해야 하는 범위보다 덜 지급해도 되기 때문이다. 금감원은 지난해 6월 △말기암 환자 입원 △항암치료 중 입원 △수술 직후 입원 등 3가지 유형에 대해서 요양병원 암입원보험금을 지급하라고 보험사들에게 권고한 바 있다. 이 가이드라인은 금감원이 지급 유형을 새롭게 분류했다기보다 기존에 보험사와 계약자 사이에 진행됐던 재판 결과를 정리한 것에 불과하다. 법원이 약관 해석을 소극적으로 하는 경향이 높은 만큼 법원 판결을 보험금 지급 기준으로 삼게 되면 계약자에게 불리한 결과를 가져올 가능성이 크다. 금감원이 사실상 '약관보다 축소된' 지급 기준을 제시했지만 보험사들은 이마저도 외면하고 있다. 전재수 더불어민주당 의원(부산 북강서구갑)이 금감원으로부터 제출받은 '보험사별 암입원보험금 분쟁조정 현황'에 따르면 지난 1월 29일 기준 생명보험사가 금감원의 지급권고를 수용한 비율은 53%에 불과했다. 특히 삼성생명은 생보사 평균에 턱없이 못 미치는 2.2%를 기록했다. 1월 29일까지 삼성생명이 금감원에 회신한 89건 중 수용하겠다고 한 건수는 2건이었다. 이와 관련해 김창호 국회입법조사처 입법조사관은 ""금감원이 제시한 3가지 가이드라인은 법원 판결 그 이상 그 이하도 아니다""라면서 ""소비자가 가입할 때는 그런 약관이 없었는데 금감원이 해법을 이상하게 내놓아서 수습이 잘 안 된다""고 지적했다. 김 조사관은 ""재판이라는 것은 해당 건에 대해서만 구속력을 갖는 것""이라면서 ""금감원이 제시한 3가지 가이드라인은 계약자에 불리한 내용을 전체에게 소급 적용시키는 것""이라고 말했다. 결국 약관대로 암입원보험금을 지급하는 게 정답이라는 얘기다. 김근아 보암모 대표 역시 ""약관에 요양병원 입원은 지급이 안 된다는 내용은 없다""면서 ""약관대로 의사의 판단에 따라 법에서 정한 의료기관에 입원한 것이 맞으면 보험금을 주면 된다""고 말했다. 김 대표는 ""보험사들이 암입원보험금을 주지 않으려고 각종 부당행위를 하고 있어 금감원 관계자와 면담을 요청해놓은 상태""라면서 ""28일 생명보험 검사국 관계자와 면담이 예정돼 있다""고 밝혔다.","보암모 회원들이 암환자의 보험금 지급 문제를 제기하고, 삼성생명 등 보험사들에 대한 종합검사를 촉구하기 위해 금감원 앞에서 집회를 진행했다. 이 집회는 요양병원 암입원보험금을 지급 거부하는 보험사들에 대한 검사를 요구하는 것이다. 금감원은 지난해 보험사들에게 암입원보험금을 지급하도록 권고한 가이드라인을 제시했지만, 보험사들은 이에 대해 불응하고 있다. 삼성생명은 지급권고를 수용한 비율이 2.2%로 매우 낮았다. 이에 대해 김 조사관은 약관대로 보험금을 지급하는 것이 정답이라고 말했다. 보암모 대표는 보험사들의 부당행위를 면담하여 해결 방안을 모색할 예정이라고 밝혔다."
다음 글을 요약해라.,"체감경기는 여전히 부진 기업들이 3월 이후 경기전망에 대해서 비교적 긍정적으로 바라보는 것으로 나타나 주목된다. 미중 무역분쟁의 완화와 신규 스마트폰 출시 등에 대한 기대감에 더해 기저효과도 작용했다는 분석이다. 다만 기업 체감경기는 여전히 최근 수년 내 최저치를 보여주고 있어 침체를 벗어나지 못하고 있다. 한국은행이 27일 발표한 '2019년 2월 기업경기실사지수(BSI)'에 따르면, 3월 전체 산업의 업황전망지수는 76으로 지난달 전망치에 비해 8p나 상승했다. 이같은 상승폭은 2009년 9월, 전달에 비해 8p 오른 데 이어 최대이다. 특히 제조업 업황전망 BSI(76)는 11p나 상승했다. 신규 스마트폰 출시에 대한 기대감으로 전자·영상·통신(79) 분야에서 14p 올랐다. 화학물질·제품(92)에서도 21p 올랐다. 미중 무역분쟁 완화와 중국 경기부양책에 따른 수요 증가 기대가 영향을 미쳤다는 분석이다. 지난해 연말에 출시된 신차 효과와 자동차 개별소비세 인하 연장 등으로 자동차(72)에서도 13p 상승했다. 비제조업 업황 전망 BSI(75)는 5p 올랐다. 중국 춘제(설) 연휴 이후 산업활동이 활발해지면서 관련 수요가 늘어날 것으로 기대돼 도소매 전망(77)이 13p 올랐다. 한국은행 관계자는 ""1월에 조사한 2월 전망이 비관적이었던 기저효과가 있고 계절적인 요인도 작용했다""며 ""스마트폰도 새로 나왔고, 미중 무역분쟁이 완화할 것이라는 기대감 등이 있는 것 같다""고 분석했다. 하지만 여전히 체감 경기는 차갑다. 이번달 전체산업의 업황 BSI는 69로 지난달과 같았다. 업황 BSI는 기업이 인식하는 경기 상황을 지수화한 것이다. 기준치인 100보다 낮으면 경기를 비관하는 기업이 낙관하는 기업보다 많다는 의미이다. 지난달 전체 산업 업황 BSI는 2016년 3월(68) 이후 최저를 기록한 데 이어 이번달에도 반등하지 못한 것이다. 산업별로는 제조업 업황 BSI가 69로 2p 오르며 소폭 개선됐다. 세부업종 중에선 석유화학 플랜트 관련 기계 수주가 증가하며 기타기계·장비(71)에서 8p 뛰었다. 금속가공(52)에서도 4p 올랐다. 조선 등에서 수요가 증가하며 관련 부품 수요도 함께 늘어난 영향이다. 반면 정제마진이 하락하면서 석유정제·코크스(61)에서 5p가 빠졌다. 비제조업 업황 BSI는 70으로 1p 하락했다. 이는 2016년 7월(70) 이후 2년 7개월 만에 가장 낮은 수준이다. 운수·창고업(73)에서 업황 BSI가 14p 하락했다. 브라질 광산 댐 붕괴 사고로 철광석 물동량이 감소할 수 있다는 우려가 빚어지면서다. 난방수요가 부진해지며 전기·가스·증기(87)에서도 5p 하락했다.","미중 무역분쟁 완화와 신규 스마트폰 출시 등에 대한 기대감으로 한국 기업들이 3월 이후 경기전망에 조금 더 긍정적으로 보고 있는 것으로 나타났다. 2월에 비해 3월 전체 산업의 업황전망지수는 8p나 상승하여 76으로 기록되었다. 이는 2009년 9월 이후 최대 상승폭이다. 특히 제조업 업황전망지수는 11p 상승하여 76으로 증가했다. 이는 신형 스마트폰 출시로 인해 전자·영상·통신 분야에서 14p 증가한 것과 중국 경기부양책에 따른 수요 증가 기대로 화학물질·제품 분야에서도 21p 상승한 것과 관련이 있다. 자동차 분야에서도 신차 출시와 자동차 개별소비세 인하 연장 등으로 13p 상승했다. 하지만 체감경기는 여전히 부진한 상태로 최근 수년 내 최저치를 기록하고 있다. 전체 산업의 업황 BSI는 여전히 69로 변하지 않았으며, 제조업 업황 BSI는 69로 약간 개선되었다. 비제조업 업황 BSI는 70으로 하락한 것으로 나타났다. 이러한 현황에서도 기업들은 신규 스마트폰 출시와 미중 무역분쟁 완화 기대 등을 통해 경기전망에 대한 긍정적인 기대를 갖고 있다."
다음 글을 요약해라.,"법무부 ""지속 발굴, 지원"" 3.1운동 및 대한민국 임시정부 수립 100주년을 맞아 일제 강점기 국내·외에서 항일 독립운동을 전개한 독립유공자 후손 39명이 대한민국 국적을 취득했다. 법무부는 27일 오전 법무부 대회의실에서 허위·최재형·이인섭 등 독립유공자 19명의 후손 39명에게 대한민국 국적증서 수여식을 개최했다. 이번 국적증서 수여식은 3.1운동 및 대한민국 임시정부 수립 100주년을 맞아 독립유공자들의 숭고한 희생에 보답하고 나라사랑 정신을 기리기 위해 마련됐다고 법무부는 설명했다. 이날 국적증서를 받은 독립유공자 후손은 허위(대한민국장) 선생 후손인 정 모씨를 비롯해 최재형(독립장) 선생 후손인 최발렌틴씨, 이여송(애국장) 선생 후손인 이천민씨, 이인섭(애국장) 선생 후손인 이펠릭스씨, 오성묵(애국장) 선생 후손인 김이고리씨, 권재학(애족장) 선생 후손인 김넬랴씨 등 39명이다. 최재형 선생 후손인 최발렌틴 러시아 독립유공자후손협회장은 ""할아버지께서 이루고자 했던 것은 '러시아 거주 동포들의 삶의 터전을 마련하는 것과 대한민국이 조국의 침입자로부터 해방되는 것'이었다며, 이 두 가지가 모두 실현돼 가슴뿌듯하다""며 ""독립유공자 후손으로 저의 명예를 걸고 대한민국 국민이라는 사실을 자랑스럽게 여기며 살아가겠다""고 소감을 밝혔다. 이들의 국적은 러시아가 18명으로 가장 많았으며, 중국 13명, 우즈베키스탄 3명, 투르크메니스탄 2명, 카자흐스탄 2명, 쿠바 1명 등이다. 이들은 국적법 제7조에 따라 그 직계존속이 독립유공으로 대한민국 정부로부터 훈장·포장을 받은 사실로 인해 특별귀화 허가를 받은 사람들이다. 박상기 법무부장관은 이날 ""3.1운동 및 대한민국 임시정부 수립 100주년을 맞아 독립유공자 후손들을 대상으로 대한민국 국적증서 수여식을 개최하게 된 것은 각별한 의미가 있다""며 ""나라를 위해 희생한 독립유공자를 앞으로도 계속 발굴해 그 후손들이 대한민국 국적을 되찾아 국내에서 안정된 생활을 영위할 수 있도록 지원하겠다""고 밝혔다. 앞서 정부는 2006년부터 2018년까지 13회에 걸쳐 총 326명의 독립유공자 후손 1118명에게 국적증서를 수여했다.","법무부는 3.1운동 및 대한민국 임시정부 수립 100주년을 맞아 독립유공자 후손 39명에게 대한민국 국적증서를 수여했다. 이번 수여식은 독립유공자들의 희생을 기리고 나라사랑 정신을 기리기 위해 마련되었다고 설명했다. 국적증서를 받은 후손들은 러시아, 중국, 우즈베키스탄, 투르크메니스탄, 카자흐스탄, 쿠바 등에서 온 사람들이다. 이들은 독립유공자로 인해 대한민국 정부로부터 훈장과 포장을 받은 사실에 따라 특별 귀화 허가를 받은 것이다. 법무부장관은 앞으로도 독립유공자를 지속적으로 발굴하고 후손들이 안정된 생활을 영위할 수 있도록 지원할 것이라고 밝혔다. 이와 함께 정부는 2006년부터 2018년까지 독립유공자 후손 326명에게 국적증서를 수여한 바 있다. "
다음 글을 요약해라.,"민감한 정책집행 불가능 대통령 직속 정책기획위원회 산하 재정개혁특별위원회가 경유세 인상 필요성을 권고하자 기획재정부가 시간끌기에 나선 모양새다. 기재부의 첫 반응이 ""민감한 사안이므로 우선 관계부처 합동으로 연구용역부터 해보겠다""였기 때문이다. 경유세 개편안이 내년부터 시행되기 위해서는 올해 8월쯤 기재부가 마련할 세법개정안에 포함되어야 한다. 결국 연구용역부터 검토하겠다는 기재부 입장은 이미 올해 세법개정안 반영은 염두에 두고 있지 않다는 뜻으로 받아들여진다. 관례상 연구용역을 당장 맡기더라도 수개월 걸릴 수밖에 없다. 이를 '검토'하겠다 것은 첨예한 이해관계를 명분으로 시간을 벌겠다는 취지로 받아들여진다. 더구나 내년은 총선이 있고, 후년엔 대선이 있다. 이해관계가 엇갈리는 법안 통과가 어려워질 수밖에 없는 시기다. ◆기재부의 '침대전술'? = 재정개혁특위 권고안 발표 뒤 기획재정부 고위관계자는 ""경유세 인상은 의견대립이 첨예한 사안이므로 산업통상자원부와 환경부 등 관계기관과 공동으로 연구용역을 검토 중""이라고 말했다. 경유트럭을 소유한 소상공인의 반발 가능성 등 이해관계가 엇갈리는 사안이므로 충분한 검토가 필요하다는 설명이다. 앞서 재정개혁특위는 정부에 세입기반 확충 과제중 하나로 휘발유·경유의 상대가격 조정을 권고했다. 최병호 특위 조세소위원장은 ""현재 휘발유 대비 경유의 가격 수준은 100대 85""라며 ""미세먼지 등 사회적 비용을 고려해 경유 상대가격은 현 수준보다 높아져야 한다""고 밝혔다. 가격을 조정하려면 경유에 붙는 유류세를 휘발유에 붙는 유류세보다 올리거나, 경유 유류세를 그대로 두면서 휘발유 유류세를 내리는 방안이 있다. 하지만 휘발유 유류세만 인하하는 방안은 세금수입이 줄기 때문에 정부가 선택할 가능성은 낮다. 세수 유지를 전제로 조정한다면 휘발유 유류세를 소폭 내리고, 경유 유류세를 조금 올리는 절충방식이 될 가능성이 있다. 따라서 이번 '상대가격 조정' 권고는 소폭이라도 경유세 인상 필요성을 시사한 것으로 풀이된다. 현재 유류세는 휘발유와 경유에 교통·에너지·환경세와 자동차세(주행분, 교통세의 26%), 교육세(교통세의 15%)가 부과된다. 다만 정부는 5월 6일까지 유류세를 15% 인하 중이다. 특위의 이런 권고안에 환경단체들도 호응하고 나섰다. 환경운동연합은 논평을 통해 ""재정개혁특위가 경유세 인상을 권고했다""면서 ""정부는 이제껏 미뤄왔던 경유세 인상에 대한 정책적 결단을 내려야 한다""고 말했다. ◆시민단체도 가세 = 이 단체는 ""경유세 조정은 심각한 경유차 증가세를 억제하고 42.8%로 역대최고치에 이른 경유차 비중에 대응해 감축 정책을 마련하기 위한 전제조건""이라고 덧붙였다. 환경운동연합은 ""경유차가 전국 11%, 수도권 22%의 대기오염물질 배출원이라는 사실을 고려하면 정부는 경유세 인상을 더이상 미뤄서는 안 된다""고 주장했다. 하지만 특위의 권고안이 현실화될 지는 미지수다. 정부가 부처 합동으로 연구용역에 맡긴다면 사실상 올해 세법개정안에 반영하기엔 무리가 따른다. 연구용역에만 수개월이 걸리는 데다, 이를 정부차원에서 검토할 시간도 필요하다. 올해 이후에는 더욱 어렵다. 내년에는 총선, 후년에는 대선이라는 정치일정이 기다리고 있기 때문이다. 어떤 식으로든 일각의 반발이 예고된 '경유가격 조정'을 선거가 있는 해에 집행하기엔 부담이 될 수밖에 없다. 이에 대해 재정개혁특위에 참여했던 한 관계자는 27일 ""특위의 권고안을 기재부가 수용하지 않겠다는 뜻으로 풀이된다""면서 ""개탄스럽다""고 말했다.","정부의 재정개혁특별위원회가 경유세 인상을 권고했으나 기획재정부는 시간을 벌기 위해 연구용역을 먼저 시작할 것이라고 밝혔다. 연구용역에는 수개월이 걸리며 이는 시간 끌기를 위한 전략으로 받아들여진다. 한편, 경유세 인상은 경유차의 대기오염물질 배출량을 줄이기 위한 조치라고 주장되고 있다. 그러나 세금 수입 감소의 가능성 때문에 정부가 적극적으로 선택하지 못할 것으로 예상된다. 재정개혁특별위원회에는 환경단체들도 동참하였다. 그러나 현실적으로 정부가 연구용역을 진행하면 올해 세법개정안에 권고안이 반영되기 어렵다. 또한, 내년에는 총선, 후년에는 대선이 있기 때문에 선거의 부담으로 인해 이른 시일 내에 경유세 인상을 집행하기는 어려울 것으로 보인다."
다음 글을 요약해라.,"'수입금 공동관리형 준공영제' 대체 고용장려금 지원해 운전자 '1일 2교대' 남경필 전 경기지사 임기 말 시작된 '광역버스 준공영제'가 노선입찰제 도입 등 공공성을 강화하는 방향으로 개선될 전망이다. 경기도가 불과 1년 전 버스준공영제 시행의 명분으로 내세웠던 운전자 1일 2교대제(운전자 처우개선)는 준공영제와 무관하게 근로기준법 개정에 따라 도입하게 된다. 이에 경기도의 현 버스준공영제가 지방선거를 앞두고 졸속으로 추진돼 예산낭비와 정책혼선을 가져왔다는 비판이 나온다. 김준태 경기도 교통국장은 26일 도 북부청사에서 기자회견 열고 '2019년도 공공성 강화 교통정책 방향'을 발표했다. 도가 발표한 교통정책의 핵심은 버스노선을 공공이 소유하는 노선입찰제를 시범 도입하고, 근로시간이 단축되는 개정 근로기준법 시행에 대비해 운수종사자 고용장려금을 지원, 기존 격일제를 1일 2교대제로 전환하는 내용이다. 또 31개 시·군의 버스·철도·택시 등 교통수단을 통합관리, 노선입찰제 방식의 새로운 준공영제 운영, 복지택시 운영 등을 담당할 '경기교통공사'를 설립한다는 내용도 포함됐다. 도는 우선 대중교통의 공공성 강화 차원에서 버스 준공영제에 '노선 입찰제'를 도입한다. 노선 입찰제는 버스 노선을 공공(경기도)이 소유하고 공정한 경쟁입찰을 통해 버스회사에 일정 기간 노선운영권을 위임하는 제도다. 기존에는 노선이 영구면허 형태로 운영됐으나 노선 입찰제가 도입되면 버스업체가 일정 기간 노선 운영권만 갖는 한정면허가 적용된다. 도는 노선 입찰제가 도입되면 버스 운영의 공공성 강화와 버스업체의 자발적인 경영 효율화 노력을 유도할 수 있을 것으로 기대하고 있다. 올해 광역버스 20개 노선을 대상으로 시범사업을 한 뒤 시내·시외버스까지 확대할 방침이다. 20개 노선은 의정부 민락동∼수원역 노선 등 버스업체가 노선을 반납하거나 폐선한 6개 노선, 안성 공도터미널∼강남역 등 광역버스가 운행하지 않는 소외지역 4개 노선, 구리 갈매역∼강변역 등 신규 택지개발지구 9개 노선, 군포 송정지구∼판교역 등 거점 연계 1개 노선 등이다. 도는 현재 경기도 실정에 맞는 준공영제 도입·시행 모델을 마련하기 위해 서울시립대학교 산학협력단 컨소시엄에 의뢰해 '새경기 준공영제 도입방안 연구용역'을 추진 중이다. '운수종사자 고용장려금' 지원제도도 시행한다. 근로기준법 개정에 따른 근로시간 단축으로 기존 격일제에서 1일 2교대제로 전환되면 8000여명의 추가 채용이 불가피하다는 판단에서다. 도는 1일 2교대제를 위해 버스업체가 운전자를 신규 채용하면 1인당 월 100만∼140만원의 고용장려금을 지원한다. 이를 위해 올해 예산에 103억원을 확보했다. 김준태 교통국장은 ""기존 교통행정이 운수업체 관리·지원 위주였다면 민선 7기에는 도민 모두가 교통정책 혜택을 누리도록 공공성 강화에 중점을 둘 것""이라며 ""교통정책의 패러다임 전환으로 주민이 체감하는 안전하고 편리한 교통서비스를 제공하겠다""고 말했다. 이에 대해 민경선 경기도의회 더불어민주당 정책위원장은 ""운전자 처우개선(1일 2교대제 도입)이 명분이었던 경기도 버스준공영제에 대해 최근 집행부가 '근로기준법 개정으로 자연 해소됐다'며 현 '수입금공동관리형 준공영제'는 중지하겠다고 보고했다""며 ""도 집행부 스스로 잘못 시행했음을 시인한 셈""이라고 말했다. 그는 ""그동안 줄기차게 문제제기했던 부분이 명명백백하게 현실로 나타나니 허탈하다""면서도 ""수백억원의 예산낭비와 정책혼선은 누가 책임지나""라고 덧붙였다.","'수입금 공동관리형 준공영제'는 대체로 '광역버스 준공영제'로 개선될 전망이다. 경기도는 노선입찰제를 도입하여 버스 노선의 공공성을 강화하고 근로시간 단축에 따라 운수종사자 고용장려금을 지원할 계획이다. 또한, 경기도는 거점 연계, 신규 택지개발지구 등 31개 시·군의 교통수단을 통합관리하는 '경기교통공사' 설립을 계획하고 있다. 경기도는 버스 준공영제에 노선 입찰제를 도입하여 공정한 경쟁을 유도하고 버스업체의 경영 효율화를 도모하고 있다. 이를 위해 올해 광역버스 20개 노선을 대상으로 시범사업을 실시할 예정이다. 도는 또한 근로기준법 개정에 따라 운전자 1일 2교대제를 도입할 계획이며, 이를 위해 고용장려금을 지원할 예정이다. 민경선 경기도의회 더불어민주당 정책위원장은 경기도 버스준공영제에 대한 비판을 했다."
다음 글을 요약해라.,"정규직-비정규직이냐보다 기업규모 따라 격차 더 커 노동시장의 이중구조와 분절화가 우리나라의 소득불평등을 주도해 온 것으로 분석됐다. 공공일자리 확대와 비정규직의 정규직화를 통해 상층과 중층 노동시장의 격차를 줄이고, 최저임금과 소득보장을 통해 하층 노동시장의 임금수준을 끌어올려야 한다는 지적이다. 전병유 한신대 경제학과 교수는 26일 더불어민주당 서형수 의원이 주최한 '외환위기 이후 20년 소득분배와 불평등' 토론회에서 ""우리나라 가계소득 불평등은 OECD(경제협력개발기구) 중간 수준이나 임금불평등은 OECD 최고 수준""이라며 ""근로소득이 가계소득의 70%가 넘는 우리나라에서 가계소득 불평등은 근로소득이 주도하고 있다""고 밝혔다. 그는 ""저소득가계의 높은 시장 참여율로 광범위한 저임금 노동시장이 형성돼 있다""며 특히 ""1인가구와 노인가구의 증가는 소득분배를 지표상으로 악화시킬 가능성이 있다""고 우려했다. 전 교수는 ""대기업 정규직에 비해 대기업 비정규직의 시간당 임금은 70%, 중소기업 정규직은 60%, 중소기업 비정규직은 45%에 불과하다""면서 노동시장 이중구조와 분절화의 문제를 제기했다. 그는 ""기업규모와 고용형태, 종사상지위 등 어떤 기준에서 보더라도 노동시장 분절화가 심하다""면서 특히 ""고용형태보다 기업규모에 따른 분절이 더 심각하다고 지적했다. 정규직이냐 비정규직이냐 보다 대기업이냐 중소기업이냐에 따라 임금격차가 더 크고, 노동조합이 있는 대기업 사업장에서 정규직과 비정규직의 임금격차가 더 크게 나타난다는 것. 또 비정규직에서 정규직으로 이동하는 것보다 중소기업에서 대기업으로의 전환이 더 어렵다는 설명이다. 실제 노동패널을 활용해 3년 후 노동이동 현황을 분석한 결과 2013년 기준 비정규직에서 정규직으로 전환한 비율은 17.2%인 반면 대기업에서 중소기업으로의 전환 비율은 2.2%에 불과했다. 전 교수는 노동시장을 상중하로 구분하고 자영업자와 미취업자까지 고려할 경우 상층이 20%, 중층이 30%, 하층이 50%에 달할 것으로 추정했다. 그는 ""20% 수준인 상층 노동시장을 확대하는 방식으로 상층과 중층의 격차를 완화해야 한다""며 구체적인 방안으로 공공부문 일자리 확대, 비정규직의 정규직화, 불공정원하청거래 해소, 차별 시정 등을 제안했다. 또 중층과 하층의 격차 해소를 위해선 ""중소기업·자영체제의 생산과 자산기반을 보호·확충하는 방안과 연계한 최저임금 인상 전략이 필요하다""고 강조했다. 홍민기 한국노동연구원 선임연구위원도 ""2000년 이후 성별, 학력별 임금격차는 크게 변화하지 않았으나 기업 규모별 임금격차는 확대됐다""면서 그 원인을 ""하도급 거래에서 원하청 기업간 이익공유가 잘 되지 않았기 때문""이라고 설명했다. 홍 선임연구위원은 이에 따라 불공정행위에 대한 공정거래법의 엄격한 적용과 사업주의 책임 범위 확장을 위한 노동관계법 개정 필요성을 제기했다.","정규직-비정규직이냐보다 기업규모 따라 격차 더 커 노동시장의 이중구조와 분절화가 우리나라의 소득불평등을 주도해 온 것으로 분석됐다. 공공일자리 확대와 비정규직의 정규직화를 통해 상층과 중층 노동시장의 격차를 줄이고, 최저임금과 소득보장을 통해 하층 노동시장의 임금수준을 끌어올려야 한다는 지적이다. 우리나라 가계소득 불평등은 OECD 중간 수준이나 임금불평등은 OECD 최고 수준이라는 분석 결과도 나왔다. 가계소득 불평등은 근로소득이 주도하고 있으며, 특히 1인가구와 노인가구의 증가로 인해 소득분배의 악화가 우려되고 있다. 대기업과 중소기업의 비정규직과 정규직 간 임금격차도 크며, 중소기업에서 대기업으로의 전환은 어려운 상황이다. 이러한 격차를 완화하기 위해 상층 노동시장을 확대하고 중소기업의 생산과 자산기반을 보호하고 최저임금을 인상하는 전략이 필요하다는 의견도 제시되었다. 공정거래법의 엄격한 적용과 노동관계법의 개정도 필요한 대책으로 소개되었다."
다음 글을 요약해라.,"인문가치포럼 위상제고기대 이희범(사진) 전 산업자원부 장관이 제3대 한국정신문화재단 이사장에 취임했다. 경북 안동시 출자출연기관인 한국정신문화재단은 26일 안동시청에서 이사회를 열고 이희범 이사장이 공식 취임했다고 밝혔다. 이 이사장은 별도의 취임식을 갖지 않았다. 이 이사장은 지난달 18일 재단 이사회에서 1대와 2대 이사장을 지낸 이용태 이사장의 후임으로 선출됐다. 비상임이며 임기는 3년이다. 안동시는 ""이희범 신임 이사장의 취임을 계기로 한국정신문화의 수도 안동에서 개최되는 21세기 인문가치포럼이 세계경제포럼인 다보스포럼에 비견되는 대규모 세계문화포럼으로 크게 발전할 것""이라고 밝혔다. 이희범 이사장은 경북도 안동 출신으로 서울대학교를 졸업하고 제12회 행정고시 수석으로 합격해 공직에 몸을 담은 이후 산업자원부의 주요 보직을 거쳐 산업자원부 차관과 장관, 한국무역협회장, LG상사 부회장 등을 역임했다. 이 이사장은 현재 퇴계학진흥협회장, 한국경영자총협회 명예회장, LG상사 고문, 평창동계올림픽조직위원장으로 재직하고 있다. 특히, 이 이사장은 평창동계올림픽조직위원장으로서 우리나라 최초의 동계올림픽을 성공적으로 개최했다는 평가를 받고 있다. 한국정신문화재단이사장은 비상근 직위로 재단 이사회 의장을 맡게 된다. 한국정신문화재단은 2014년 한국정신문화 창달과 건전한 사회기풍 조성을 위해 안동시 출자출연기관으로 설립됐다. 재단은 매년 21세기 인문가치포럼을 개최하여 인류 보편적 인문가치의 확산과 지역문화 발전에 기여하고 있다.","이희범 전 산업자원부 장관이 한국정신문화재단의 제3대 이사장에 취임했다. 이 이사장은 경북 안동시 출자출연기관인 한국정신문화재단의 이사회에서 공식적으로 취임하였다. 이희범 이사장은 이용태 이사장의 후임으로 선출되었으며, 재단에서의 임기는 3년이다. 안동시는 이 이사장의 취임을 계기로 21세기 인문가치포럼이 세계경제포럼에 비견되는 대규모 세계문화포럼으로 발전할 것으로 기대하고 있다. 이희범 이사장은 안동 출신으로 서울대학교를 졸업한 후 공직에 입문하여 산업자원부의 주요 보직을 역임하였으며, 현재는 퇴계학진흥협회장, 한국경영자총협회 명예회장, LG상사 고문, 평창동계올림픽조직위원장으로 활동 중이다. 이 이사장은 평창동계올림픽조직위원장으로서 성공적인 동계올림픽 개최를 이룩하였다는 평가를 받고 있다. 한국정신문화재단은 2014년에 설립된 안동시 출자출연기관으로서 매년 인문가치포럼을 개최하여 인류 보편적 인문가치의 확산과 지역문화 발전에 기여하고 있다."
다음 글을 요약해라.,"충남도 등 3년만의 성과 충남지역이 일제히 유관순 열사 건국훈장 1등급 추가 서훈에 환영의 뜻을 밝히고 나섰다. 충남도를 비롯 지역 내 기관과 단체들은 수년째 유관순 열사 서훈등급 격상을 주장해왔다. 양승조 충남도지사는 26일 도청에서 기자회견을 열고 ""국민 여러분과 함께 환영하면서 국무회의의 의결이 있기까지 마음과 뜻을 하나로 모아준 모든 분들께 진심어린 감사를 드린다""고 밝혔다. 양 지사는 그동안의 서훈등급 격상 운동을 소개하며 이번 국무회의 의결로 △나라사랑과 국민통합의 계기를 마련하고 △열사의 희생에 대한 최소한의 도리를 다했으며 △세계를 향한 민족적 자부심과 긍지를 확고히 하는 계기가 됐다고 평가했다. 양 지사는 ""진행 중이던 100만인 서명운동은 중단하고 3.1평화운동 충남 백년의 집 건립, 독립운동가의 거리 조성 등을 통해 3.1운동이 우리의 생활 곳곳에 자연스럽게 스며들도록 만들겠다""고 약속했다. 김지철 충남교육감 역시 이날 ""충남도민이 요구한 1등급 훈장 추서가 이뤄져 반갑고 무척 감개무량하다""며 ""올해 학교에 남아있는 일제 잔재를 청산하고 우리 학생들에게 인권과 평화교육을 통해 민주시민으로 성장할 수 있도록 교육할 것""이라고 밝혔다. 충남도의회도 이날 환영 성명을 통해 ""3.1운동 정신을 계승하는데 힘 쓰겠다""고 밝혔다. 유 열사의 고향인 천안시 구본영 시장은 이날 ""70만 천안시민과 환영한다""며 ""선조들의 호국정신과 민족의 얼이 담긴 3.1운동 정신을 계승하는 일에 우리 천안이 중심에 설 수 있도록 노력해 나가겠다""고 밝혔다. 천안시는 유관순 열사 서훈 격상에 이어 역시 천안 출신인 석오 이동녕 선생의 서훈등급 격상에 힘을 모으기로 했다. 이동녕 선생은 임시정부 주석과 임시의정원 의장을 세 번씩 역임한 임시정부 최고어른이었지만 현재 2등급이다. 충남도와 교육청 등은 그동안 100만인 서명운동 등을 전개했고 지역 여야 정치인은 특별법 발의, 토론회 등을 열며 분위기를 조성했다. 유관순 열사는 1919년 4월 1일 천안 아우내장터 만세운동을 주도했으며 1920년 3월 1일 서대문형무소 만세운동 1주년 옥중시위 이후 받은 고문 후유증으로 순국했다. 정부는 26일 백범기념관에서 열린 국무회의에서 유관순 열사에 대해 광복 이후 국가이미지 향상과 국민 애국심 고취 등에 크게 기여한 공로를 인정, 1등급인 대한민국장을 추서하기로 의결했다.","충남도 등 3년만의 성과 충남지역이 유관순 열사 건국훈장 1등급 추가 서훈에 환영의 뜻을 밝혔다. 충남도를 비롯 지역 내 기관과 단체들은 수년째 유관순 열사 서훈등급 격상을 주장해왔다. 양승조 충남도지사는 국무회의의 의결로 유관순 열사에 대한 훈장 추서가 이루어진 것을 환영하며 국민 여러분과 함께 감사의 인사를 전했다. 이번 훈장 추서는 나라사랑과 국민통합을 이루는 계기로 평가되고 있으며, 유관순 열사의 희생에 대한 최소한의 도리를 다한 결과라고 양 지사는 밝혔다. 또한, 100만인 서명운동은 중단되며 3.1운동을 생활의 곳곳에 스며들도록 만들기 위해 3.1평화운동 충남 백년의 집 건립과 독립운동가의 거리 조성 등의 계획을 열었다. 김지철 충남교육감 역시 이번 훈장 추서를 반갑게 맞이하며 일제 잔재를 청산하고 학생들에게 인권과 평화교육을 실시할 것을 약속했다. 충남도의회도 3.1운동 정신을 계승하는 데 힘을 쓰겠다고 선언했다. 또한, 유관순 열사의 고향인 천안시의 구본영 시장은 이번 훈장 추서를 환영하며 호국정신과 민족의 얼을 계승하는 일에 천안이 중심에 설 수 있도록 노력할 것이라고 밝혔다. 유관순 열사 서훈 격상에 이어 이동녕 선생의 서훈등급 격상에도 힘을 모을 예정이다. 충남도와 교육청 등은 100만인 서명운동 등을 전개하고, 지역 여야 정치인들은 특별법 발의와 토론회 등을 열며 분위기를 조성했다. 유관순 열사는 1919년 4월 1일 아우내장터 만세운동과 1920년 3월 1일 서대문형무소 만세운동 1주년 옥중시위를 주도하였고, 이후 고문 후유증으로 인해 목숨을 잃었다. 정부는 국무회의에서 유관순 열사의 공로를 인정하고 대한민국장 1등급을 추서하기로 의결했다."
다음 글을 요약해라.,"한국수력원자력(한수원, 사장 정재훈)이 미국 커뮤니케이션 연맹(LACP)이 주최하는 2017~2018 비전 어워드 '지속가능경영 보고서 부문'에서 대상을 수상했다. 이번 보고서는 전 세계 1000여개 기업이 응모한 6000여개 보고서 중 2위, 아시아에서 1위라는 괄목할만한 성과를 이뤄냈다. 미국 커뮤니케이션 연맹은 2001년 설립된 세계적인 마케팅 전문기관으로, 포춘 500대 기업을 포함해 다양한 산업분야의 기업과 단체가 발간한 보고서의 메시지 전달력, 디자인 등을 평가해 수상하는 대회를 개최하고 있다. 보고서에서 한수원은 종합에너지기업으로 도약, 안전 최우선 원전 운영, 사회적 가치 구현 등의 지속가능경영 추진 노력을 명확하고 이해하기 쉽게 전달하는데 주력했다. 한수원은 2007년 유엔의 지속가능발전 계획인 UN 글로벌 콤팩트에 가입한 이래 투명경영과 사회적 책임 이행에 대한 신뢰성 제고를 위해 지속가능보고서를 발간해왔다. 올해 한수원은 9번째 보고서를 발간했으며 지금까지 보고서는 한수원 홈페이지(www.khnp.co.kr)에서 열람 및 다운로드가 가능하다. 정재훈 사장은 ""앞으로도 국내 최대 발전회사로서 경제·사회·환경적 책임을 다하고, 사회적 가치를 선도적으로 실천함으로써 국민에게 신뢰받는 글로벌 에너지 리더가 되는데 노력하겠다""고 말했다.","한국수력원자력(한수원, 사장 정재훈)이 2017~2018 비전 어워드 '지속가능경영 보고서 부문'에서 대상을 수상했다. 이번 보고서는 전 세계 기업이 응모한 보고서 중 2위, 아시아에서 1위를 차지했다. 한수원은 종합에너지기업으로 도약하고 안전 최우선 원전 운영, 사회적 가치 구현 등의 지속가능경영 추진 노력을 명확하고 이해하기 쉽게 전달하는데 주력했다. 한수원은 2007년부터 지속가능발전 계획인 UN 글로벌 콤팩트에 가입해 신뢰성 제고와 사회적 책임 이행에 노력해왔다. 이번 보고서는 9번째 발간되었으며 한수원 홈페이지에서 열람 및 다운로드가 가능하다. 정재훈 사장은 앞으로도 경제·사회·환경적 책임을 다하고 사회적 가치를 실천함으로써 국민에게 신뢰받는 글로벌 에너지 리더가 될 것이라고 밝혔다."
다음 글을 요약해라.,"한국동서발전(사장 박일준)는 발전소 배기가스의 이산화탄소(CO₂) 를 활용해 고부가가치 화학제품인 중탄산나트륨(일명 베이킹소다)을 생산하는 프로젝트를 추진한다고 밝혔다. 동서발전은 27일 울산 중구소재 본사에서 (주)백광소재와 '1㎿급 발전 배기가스 CO₂활용 중탄산나트륨 생산 플랜트 개발' 업무협약을 체결했다. 이날 협약식에선 연 3만톤 규모의 공업용 중탄산나트륨을 생산하는 플랜트 건설 일정과 사업화 추진 계획에 대해 협의했다. 중탄산나트륨 생산은 발전분야 온실가스 감축 및 사업화를 위해 미국 유럽 인도 등에서도 활용하고 있다. 국내에선 동서발전이 처음 추진하며, 별도 이산화탄소 포집장치를 거치지 않고 발전소 배기가스를 바로 활용하는 기술은 세계 최초다. 이를 위해 동서발전 전담 연구인력이 직접 당진화력 부지에서 백광소재와 공동으로 사업화를 추진하고 있다. 향후 연 매출 100억원 규모의 생산플랜트를 건설함으로써 정규직 20명의 신규 일자리 창출과 연간 8000톤의 온실가스 감축효과가 있다. 중탄산나트륨은 제철소 및 바이오매스 발전소 환경처리제로 사용되며, 대부분 중국에서 수입을 하고 있어 연간 100억원의 외화 유출 방지효과도 기대된다. 동서발전 관계자는 ""앞으로도 일자리 창출 관련 기술개발에 적극 투자해 온실가스 저감, 에너지신산업 육성에 기여하고 지역인재 채용을 통해 지역경제 활성화에도 기여하겠다""고 말했다.","한국동서발전은 발전소 배기가스로 중탄산나트륨을 생산하는 프로젝트를 추진한다고 밝혔다. 동서발전은 아주㎿급 발전 배기 가스 CO₂활용 중탄산나트륨 생산 플랜트 개발을 위해 백광소재와 업무협약을 체결했다. 이를 위해 동서발전 전담 연구인력이 직접 당진화력 부지에서 사업화를 추진하고 있다. 향후 연 매출 100억원 규모의 생산 플랜트를 건설함으로써 정규직 20명의 신규 일자리 창출과 연간 8000톤의 온실가스 감축효과가 있다. 중탄산나트륨은 제철소 및 바이오매스 발전소 환경처리제로 사용되며, 대부분 중국에서 수입을 하고 있어 연간 100억원의 외화 유출 방지효과도 기대된다. 동서발전은 일자리 창출과 기술개발을 통해 온실가스 저감과 에너지 신산업 발전에 기여하고 지역 경제 활성화에도 노력하겠다고 밝혔다."
다음 글을 요약해라.,"효성이 고객중심경영 강화에 나섰다. 조현준 효성 회장은 ""고객에게 가치를 제대로 전하기 위해 고객의 목소리(VOC)를 넘어 고객의 고객이 내는 목소리까지 경청해 만족시켜야 한다""고 주문했다. VOC 활동을 확대해 제품 연구개발 제조 판매까지 연결시킬 수 있도록 역량을 집중할 계획이다. 또 시장 조사를 강화해 시장과 소비자 변화를 파악하고 고객과 함께 성장할 수 있는 방안을 모색한다는 방침이다. 조 회장은 평소 ""고객의 요구를 파악하는 가장 좋은 방법은 현장에서 목소리를 듣는 것""이라고 강조했다. 지난해 8월 상하이에서 열린 '인터텍스타일 2018'에 참석해 고객과 미팅을 진행하고 소통을 이어나갔다. 마니폼 안타 이션 등 중국 의류시장 이너웨어, 스포츠의류, 캐주얼의류 각 부문의 1, 2위 브랜드를 만나 마케팅 활동과 함께 동반 성장 전략을 논의하기도 했다. 조 회장은 지난 2017년에도 상하이 인터텍스타일 전시회에 참석한 바 있다. 계열사별로 보면 효성티앤씨는 '패션디자인팀'을 통해 글로벌 의류 브랜드와 협업을 강화하고 있다. 1차 고객인 원단업체뿐 아니라 고객의 고객사인 글로벌 브랜드에 패션 트렌드 및 애슬레저, 캐주얼, 아웃도어 등에 디자인을 제안하고 실질적인 사업으로 연결시키겠다는 것이다. 올해는 스판덱스뿐 아니라 나일론과 폴리에스터 원사까지 협업을 확대하기로 했다. 효성첨단소재는 테크니컬 마테팅팀을 통해 미쉐린 브릿지스톤 등 글로벌 타이어 제조업체 생산 기술 파트와 지속적인 소통을 통해 타이어 개발 트렌드를 파악하고 고객이 원하는 제품을 맞춤형으로 생산하거나 공동 프로젝트 진행을 지원하고 있다. 과적이 많고 도로 포장상태가 열악한 지역의 타이어업체에는 내구성이 높은 고강력 타이어코드를, 날씨가 더워 타이어 고무와 타이어코드가 분리되는 지역 고객에게는 부재료와 타이어 설계 변경을 제안하는 방식이다. 효성화학 등 다른 계열사들도 기존 VOC 활동과 함께 시장조사 강화에 나섰다. 사후서비스 수준의 VOC를 넘어 고객이 미처 파악하지 못하고 있던 요구까지도 먼저 찾아 선제적으로 충족하고 시장을 선도할 수 있도록 역량을 끌어올린다는 것이다.","효성은 고객중심경영을 강화하기 위해 효성 회장 조현준의 지시에 따라 많은 노력을 기울이고 있다. 조 회장은 ""고객의 목소리(VOC)뿐만 아니라 고객의 고객이 내는 목소리까지 경청해 만족시켜야 한다""고 강조하며 제품 연구개발부터 제조 판매까지의 과정에 VOC 활동을 확대할 계획이라고 밝혔다. 또한 시장 조사를 강화하여 시장과 소비자 변화를 파악하고 고객과 함께 성장할 수 있는 방안을 모색하기로 결정했다. 조 회장은 평소에도 ""고객의 요구를 파악하는 가장 좋은 방법은 현장에서 목소리를 듣는 것""이라고 강조하며 고객과의 소통을 중요시하고 있다. 지난해에는 중국의 의류시장에서 열린 전시회에 참석하여 고객과의 소통을 이어나갔다. 효성은 계열사별로도 고객과의 협업을 강화하고 있다. 예를 들어 효성티앤씨는 글로벌 의류 브랜드와의 협업을 통해 고객의 고객사에 디자인을 제안하고 실질적인 사업으로 이어지도록 노력하고 있다. 효성첨단소재는 글로벌 타이어 제조업체와 소통하여 고객이 원하는 제품을 맞춤형으로 생산하고 있다. 효성화학 등의 다른 계열사들도 VOC 활동을 강화하고 있으며 고객의 요구를 사전에 파악하여 시장을 선도할 수 있는 역량을 갖추려고 노력하고 있다. 이러한 노력을 통해 효성은 고객중심경영을 강화하고 더 나은 가치를 제공하고자 하고 있다."
다음 글을 요약해라.,"이지스자산운용-대신증권 서울 오피스 매매가격의 변화를 벤치마크할 수 있는 매매지수가 나왔다. 부동산펀드 및 리츠를 통한 상업용 부동산 투자상품이 증가하고 특히 서울 지역에 위치한 오피스에 투자가 집중되고 있는 가운데 나온 매매지수는 투자자들의 주목을 끌 전망이다. 28일 대신증권과 이지스 자산운용은 금융투자협회에서 기자간담회를 열고 '이지스-대신 서울 오피스 매매지수'를 출시한다고 밝혔다. 이 지수는 서울시에 입지한 3500여 개의 오피스 빌딩을 대상으로 매분기마다 거래 여부 및 거래가를 조사해 구축한 실거래 가격 데이터를 이용한다. 오피스 빌딩은 연면적 500평 이상, 전체 연 면적의 50% 이상을 업무시설로 사용하고 있는 건물로 정의한다. 이 데이터를 케이스-쉴러 반복매매모형과 MIT 부동산연구센터의 2단계 추정법을 활용해 산정한다. 현재 국내 서울 오피스 시장의 투자규모는 2006년부터 지속적으로 증가해 2018년 기준 르네상스 재건축 빌딩을 제외하고도 10조원에 가까운 규모를 보이고 있다. 서울 오피스 매매가격은 2001년부터 2018년까지 연평균 7.2%의 상승률을 기록했다. 2009년 3분기엔 글로벌 금융위기의 영향으로 전년동기 대비 11% 하락한 바 있다. 글로벌 금융위기 이후, 오피스 매매가격은 2011년부터 회복되면서 지속적인 가격상승을 기록했다. 최근 3년간 연평균 가격상승률은 5.3%로 같은 기간의 소비자물가상승률 (1.6%)보다 2배 이상 높았다. 연간 거래규모는 2006년 이전까지 부동산 실거래가 신고제도 이전으로 정확한 거래규모가 집계되지 않으며, 2006년 이후부터는 지속적으로 증가하고 있어, 2016년에는 10.1 조원, 2018년에는 9.9조원이 거래됐다 지난해 말까지 설정된 부동산 펀드규모는 76조원으로 최근 3년간 연평균 29%의 증가율을 보이고 있다. 이지스자산운용 관계자는 ""최근 오피스 가격이 높은 가격상승률을 보이는 이유는 주식, 채권의 낮은 수익률과 높은 변동성으로 인해, 비교적 안정적인 오피스 시장으로 자금이 유입되었기 때문""이라며 ""지금까지는 오피스에 대한 투자 규모가 증가했음에도 불구하고 시장 상황을 판단하거나 거시경제와의 연관성 분석 등에 활용되는 지표는 없는 상황이었는데 이번 매매지수 출시로 투자자들에게 도움을 줄 수 있게 됐다""고 말했다.","이지스자산운용-대신증권 서울 오피스 매매가격의 변화를 벤치마크할 수 있는 매매지수가 출시됐다. 이 매매지수는 서울시에 입지한 오피스 빌딩을 대상으로 매분기 거래여부와 거래가를 조사해 구축한 실거래 가격 데이터를 기반으로 한다. 현재 서울 오피스 시장의 투자규모는 10조원에 가까운 규모를 보이고 있으며, 매매가격은 2001년부터 2018년까지 연평균 7.2%의 상승률을 기록했다. 최근 3년간 연평균 가격상승률은 5.3%로 소비자물가상승률 (1.6%)보다 2배 이상 높았다. 이 매매지수의 출시로 인해 오피스 시장 상황을 판단하거나 거시경제와의 연관성 분석에 도움을 줄 수 있게 됐다."
다음 글을 요약해라.,"3종 중 선호에 따라 선택 롯데카드는 새로운 프리미엄 카드인 L.CLASS(엘클래스) 'L20' 3종을 판매 중이라고 28일 밝혔다. L.CLASS 'L20' 카드는 전 세계 공항라운지 무료이용 서비스를 제공하며 별도 멤버십카드(PP카드 등) 없이도 지난달 실적과 관계없이 동반자 포함 연 4회 이용할 수 있다. 고객이 선택할 수 있는 다양한 스페셜 기프트도 제공한다. 연간 이용실적이 첫해는 50만원, 이듬해부터는 600만원 이상이면 L.POINT(엘포인트) 15만점, 롯데상품권카드 15만원, 국내선 동반자 1인 무료 항공권, 국내 특급호텔 F&B이용권 15만원 등 원하는 기프트 중 하나를 선택할 수 있다. L.CLASS 'L20' 카드는 고객 선호에 따라 스카이패스형/아시아나클럽형/L.POINT형 3종 중 선택하면 된다. 스카이패스형은 지난달 실적 관계없이 모든 가맹점에서 1000원당 1마일리지를 적립해주고, 지난달 실적이 200만원 이상이면 1000원당 1.5마일리지로 특별적립(월 2000마일리지 한도) 해준다. 아시아나클럽형은 지난달 실적이 50만원 이상이면 1000원당 1.5마일리지를 적립해주고, 지난달 실적이 200만원 이상이면 1000원당 2마일리지로 특별적립(월 2500 마일리지 한도) 해준다. L.POINT형은 지난달 실적 관계없이 1.5%를, 지난달 실적이 200만원 이상이면 3%로 특별적립(월 3만 포인트 한도)해준다.","롯데카드가 새로운 프리미엄 카드인 L.CLASS 'L20' 3종을 판매하고 있다고 밝혔다. 이 카드는 전 세계 공항 라운지 무료 이용 서비스를 제공하며 별도의 멤버십 카드 없이도 지난달 실적과 관계없이 동반자를 포함하여 연 4회까지 이용할 수 있다. 또한 고객이 선택할 수 있는 다양한 스페셜 기프트도 제공하고 있다. 연간 이용 실적에 따라 L.POINT 15만점, 롯데상품권카드 15만원, 국내선 동반자 1인 무료 항공권, 국내 특급호텔 F&B 이용권 15만원 중 하나를 선택할 수 있다. L.CLASS 'L20' 카드는 스카이패스형, 아시아나클럽형, L.POINT형 3종 중 고객의 선호에 따라 선택할 수 있다. 스카이패스형은 모든 가맹점에서 1000원당 1마일리지를 적립해주고, 지난달 실적이 200만원 이상이면 1000원당 1.5마일리지로 특별 적립 해준다. 아시아나클럽형은 지난달 실적이 50만원 이상이면 1000원당 1.5마일리지를 적립해주고, 지난달 실적이 200만원 이상이면 1000원당 2마일리지로 특별 적립 해준다. L.POINT형은 실적에 상관없이 1.5%를 적립하며, 지난달 실적이 200만원 이상이면 3%로 특별 적립 해준다."
다음 글을 요약해라.,"날짜·명칭 잘못 표기에 근거 없는 일화 소개해 교육청 몰래 학교 배포 인천시가 3.1운동과 대한민국임시정부수립 100주년을 맞아 학생들에게 배포할 역사달력을 제작했다가 도리어 곤혹스런 처지가 됐다. 날짜가 틀리거나 역사적 사실이 잘못 표기되는 등 달력에 오류가 무더기로 발견됐기 때문이다. 달력은 인천문화재단 역사문화센터에서 작성했다. 인천경실련은 27일 인천시청에서 기자회견을 열고 ""최근 인천문화재단이 제작해 배포한 역사달력이 제작 취지에 위배되거나 역사적 왜곡(오류)이 많아 인천시에 고증을 공식 요청했지만 거부당했다""며 ""지금이라도 오류투성이 달력을 전량 회수하라""고 요구했다. 인천경실련에 따르면 역사달력은 우선 지역의 대표적인 만세운동을 제대로 소개하지 않았고, 3.1운동의 계기가 됐던 2.8 독립선언을 누락했다. 1883년 1월 1일인 인천항 개항일을 2월 8일로 잘못 표기했다. 10월 15일인 인천시민의 날도 10월 11일로 잘못 표기했다. 황어장터 만세운동을 주도했던 심혁성 애국지사에 대해서는 역사적 고증자료가 없는 사실을 기록했다. 인천 최초의 전화통화 기록도 1월 24일인데 1월 28일로 적었다. 고종이 수감 중이던 김 구 선생의 사형집행을 전화로 중단시켰다는 내용은 전보로 중단시켰다고 바로잡아야 한다. 2월 8일로 기록된 러일전쟁(해전)은 2월 9일로 고쳐야 한다. 이 밖에도 인천경실련이 찾아낸 오류가 더 있다. 이처럼 역사달력 내용에 많은 문제가 제기됐지만 인천시는 배포를 강행했다. 특히 인천시교육청도 모르게 일선 학교에 보내놓고 배포를 지시했다. 인천경실련은 인천시에 역사고증을 해달라고 요구했지만 시는 이를 받아들이지 않았다. 인천경실련은 ""오류 논란에도 불구하고 배포를 강행한 책임자를 징계하고, 인천시장이 직접 나서 사과해야 한다""고 촉구했다. 이에 대해 인천시는 공식 입장을 내놓지 않고 있다. 인천시 관계자는 ""역사달력 회수 여부는 문화재단에서 결정할 문제""라며 ""다만 오류가 생긴 과정에 대해서는 자세히 살펴보고 고칠 것은 고치겠다""고 말했다.","인천시가 3.1운동과 대한민국 임시정부수립 100주년을 맞아 역사 달력을 학생들에게 배포하려고 했지만, 달력에는 많은 오류가 발견되어 곤혹스러운 상황이 되었다. 달력은 인천문화재단 역사문화센터에서 작성되었고, 인천경실련은 역사적 왜곡과 오류가 있다며 달력 회수를 요구하였지만, 인천시는 요구를 거부하였다. 오류로는 대표적인 만세운동과 3.1운동의 계기인 2.8독립선언, 인천항 개항일과 인천시민의 날 등의 날짜가 잘못 표기되어 있었다. 또한, 역사적 고증자료가 없는 심혁성 애국지사에 대한 기록과 전화통화 기록, 김구 선생의 사형집행 등에 대한 내용도 오류가 있었다. 그러나 인천시는 배포를 강행하였고, 이에 인천경실련은 책임자 징계와 인천시장의 사과를 요구하였다. 인천시는 공식 입장을 내놓지 않았으며, 역사달력 회수 여부를 인천문화재단이 결정할 문제라고 밝혔다."
다음 글을 요약해라.,"올해부터 바꿔 기념키로 올해부터 대한민국 정부 수립기념일이 4월 13일에서 4월 11일로 바꿔 기념하기로 했다. 임시정부 수립일이 4월 11일이라는 증거는 수두룩하다. 임시정부 수립을 주도한 임시의정원의 공식 의사록인 '대한민국 임시의정원 기사록'은 '4월 11일에 국호 관제 국무원에 관한 문제를 토의하자는 현순의 동의와 조소앙의 재청이 가결'됐고 이 회의가 '4월 11일 상오 10시에 폐회'됐음을 확인했다. 정부수립일 4월 11일 증거들 | 대한민국4년 역서 (왼쪽)는 1922년 달력으로 4월 11일을 헌법발포일로 적시했다. 1937년 4월 30일에 발행한 한민 제 13호(가운데)는 사월삽일일이 림시헌장을 발포하고 대한민국림시정부를 성립한 기념일 이란 제목으로 임시정부 19주년 기념식이 거행됐다는 사실을 보도했다. 제 38회 임시의정원 회의록(오른쪽)엔 이날(4월 11일)이 임시의정원과 임시정부 성립 제 26주년기념일임으로 의회 개원식과 성립기념식을 합병 거행하다 고 기록돼 있다. 이 외에도 임시정부가 만든 달력인 '대한민국 4년 역서'(1922년), 한국국민당 기관지 '한민' 제 13호(1937년), 주석 김구와 외무부장 조소앙의 초청장(1942년), 임시의정원 제38차 회의록(1945년)은 임시정부에서 수립기념행사를 4월 11일에 치를 계획이거나 실행했다는 사실을 보여줬다. 중국 신문인 '대공보' '신화일보' 등도 임시정부가 중경에서 4월 11일에 거행한 기념식을 수차례 보도했다. 국내로 환국한 이후에도 창덕궁 인정전에서 4월 11일에 입헌기념식을 가진 사진들이 남아있다. 처음에 '4월 13일'이 임시정부 수립일로 지정된 데는 고 이현희 교수의 영향이 컸다. '대한민국임시의정사'를 펴내면서 '4월 13일에는 이를 내외에 정식으로 공포했다'는 게 학계정설로 통용됐기 때문이다. 한시준 단국대 교수는 ""정부가 대한민국임시정부기념일을 제정하려고 자문을 구할 때 이현희 교수가 유일한 전문가로 그의 의견이 그대로 반영됐다""고 당시 상황을 설명했다. 이 교수가 '4월13일'을 임정수립일로 제시한 근거는 상해 일본총영사관 경찰부 제2과에서 1932년에 작성한 '조선민족운동연감'이다. 한 교수는 ""이 교수가 4월 11일에 헌법을 공포하고 4월 13일에 수립을 선포했다고 추정한 것으로 보인다""며 ""당시엔 별도의 선포행위가 없었다""고 말했다. 국가보훈처는 ""법적 검토결과 선포는 정부수립의 요건이 아니다""고 못박아 논란을 없앴다.","올해부터 대한민국 정부의 수립 기념일이 4월 13일에서 4월 11일로 변경되었다. 이러한 결정은 임시정부 수립일이 4월 11일이라는 증거가 많이 있기 때문이다. 대한민국 임시의정원 기사록에는 4월 11일에 국호 관제 국무원에 관한 문제를 토의하기 위한 회의가 열렸고, 이 회의는 4월 11일 상오 10시에 폐회되었다는 사실이 기록되어 있다. 또한, 1922년 달력에는 4월 11일을 헌법 발포일로 적어놓은 것과 1937년에는 임시정부 19주년 기념식이 4월 30일에 거행되었다는 기사도 있다. 임시의정원 회의록도 4월 11일을 임시의정원과 임시정부 성립 제 26주년 기념일로 명시하고 있다. 그 외에도 임시정부가 만든 달력, 한민 제 13호, 주석 김구와 외무부장 조소앙의 초청장, 임시의정원 회의록 등은 모두 임시정부에서 4월 11일에 기념행사를 계획하거나 실제로 실행한 것을 보여준다. 중국 신문인 대공보와 신화일보도 임시정부가 중경에서 4월 11일에 거행한 기념식을 여러 차례 보도했다. 또한, 국내로 환국한 이후에도 4월 11일에 입헌 기념식을 가진 사진들이 남겨져 있다. 이러한 증거들을 바탕으로 초기에는 4월 13일이 임시정부 수립일로 지정되었지만, 이현희 교수의 영향으로 인해 4월 11일로 변경되었다. 법적 검토 결과 선포는 정부 수립의 요건이 아니므로 대한민국 정부 수립을 위한 선포 행위는 따로 존재하지 않았다. 이로써 대한민국의 정부 수립 기념일은 4월 11일로 변경되었으며, 이는 임시정부 수립일과 관련된 다양한 증거들을 통해 결정되었다."
다음 글을 요약해라.,"황교안 신임 자유한국당 대표가 취임 일성으로 '통합'을 재차 강조했다. 황 대표는 28일 오전 국회에서 첫 최고위원회 회의를 열고 ""통합이 가장 중요하고 선행돼야 한다""고 말했다. 그는 ""당 구성원부터 통합이 되고 더 넓은 통합까지 차근차근 확실하게 이뤄져야 할 것 같다""며 선 당내통합에 방점을 찍었다. 혁신에 대해서는 별다른 언급을 하지 않았다. ""혁신도 필요하다. 국민이 원하는 당으로 변모해서 국민의 사랑과 신뢰 받을 수 있는 당이 되도록 하는 일이 큰 과제""라는 원론적인 입장을 밝히고 더 이상의 언급은 하지 않았다. 다음 방점은 '투쟁'에 찍었다. 황 대표는 ""국민이 바라는 가장 큰 바람은 이 정부의 잘못된 정책 폭정을 막아내라는 것""이라며 ""그걸 위해서 필요하면 과감하게 싸워나가고 세상을 바꿔달라는 요구가 있었다. 이런 부분들도 우리가 받들어서 강력하고 실제로 변화를 이끌어낼 수 있는 대안 정당으로서의 투쟁 모습을 보여 나가야 한다""고 강조했다. 황 대표는 ""당의 변화를 이끌어갈 수 있도록 저부터 최선의 노력을 다하겠다""며 ""앞으로 우리가 화합돼 당의 변화된 모습, 정치의 아름다운 모습을 국민들께 보여줄 수 있도록 노력할 것""이라고 각오를 밝혔다. 나경원 원내대표는 전날 전당대회에서 여성 최고위원 두 명이 입성한 사실을 들며 ""우스개소리로 조만간 남성쿼터를 둬야하지 않느냐는 말이 나올 만큼 우리 당이 변화하고 있음을 보여준다""고 평가했다. 그는 전대 현장에 민주노총 등 일부 단체 관계자들이 난입해 시위를 벌인 사건과 관련 ""시위꾼들을 사면하자마자 전당대회장에 난입해서 야당 공격을 서슴지 않았다""며 ""이 사태에 대해서 결국 문재인 대통령이 책임져야 한다""고 말했다.","황교안 신임 자유한국당 대표가 취임일에 '통합'을 강조했다. 황 대표는 28일 오전 국회에서 첫 최고위원회 회의를 열고 ""통합이 가장 중요하고 선행돼야 한다""고 말했다. 그는 ""당 구성원부터 통합이 되고 더 넓은 통합까지 차근차근 확실하게 이뤄져야 할 것 같다""며 선 당내통합에 방점을 찍었다. '혁신'에 대해서는 언급하지 않았다. 그는 ""혁신도 필요하다. 국민이 원하는 당으로 변모해서 국민의 사랑과 신뢰 받을 수 있는 당이 되도록 하는 일이 큰 과제""라고 말했다. 다음으로는 '투쟁'에 관한 이야기였다. 황 대표는 ""국민이 바라는 가장 큰 바람은 이 정부의 잘못된 정책 폭정을 막아내라는 것""이라며 ""그걸 위해서 필요하면 과감하게 싸워나가고 세상을 바꿔달라는 요구가 있었다. 이런 부분들도 우리가 받들어서 강력하고 실제로 변화를 이끌어낼 수 있는 대안 정당으로서의 투쟁 모습을 보여 나가야 한다""고 강조했다. 황 대표는 ""당의 변화를 이끌어갈 수 있도록 최선의 노력을 다하겠다""며 ""우리가 화합돼 당의 변화된 모습, 정치의 아름다운 모습을 국민들께 보여줄 수 있도록 노력할 것""이라고 밝혔다. 나경원 원내대표는 전날 전당대회에서 여성 최고위원 2명이 입성한 사실을 언급하며 ""우리 당이 변화하고 있음을 보여준다""고 평가했다. 그는 전대 현장에서 일부 단체 관계자들이 난입해 시위를 벌인 사건과 관련 ""시위꾼들을 사면하자마자 전당대회장에 난입해서 야당 공격을 서슴지 않았다""며 ""이 사태에 대해서 결국 문재인 대통령이 책임져야 한다""고 말했다."
다음 글을 요약해라.,"역대 최대 규모 출범 삼성증권이 청소년 경제교육 활동을 확대하고 있다. 28일 삼성증권은 청소년 경제교실 강사로 활동하는 대학생 경제교육 봉사단 야호(YAHO)가 출범 10주년을 맞아, 역대 최대 규모로 2019년 활동을 시작하고 '청소년 경제교실' 지원비용도 전년 대비 확대한다고 밝혔다. 지난 1월 서류심사와 면접을 거쳐 선발된 252명의 야호 대학생 봉사단은 본격적인 활동에 앞서 13일과14일 서울 올림픽파크텔과 삼성금융캠퍼스에서 발대식을 가졌다. 이들은 이달부터 11월까지 총 10개월 동안 사회복지 유관기관의 아동들을 대상으로 진행되는 '청소년 경제교실'의 경제교육 강사로 활동하게 된다. 또 경제골든벨, 연합장터 등의 다양한 관련 사회공헌 행사에 참여해, 이웃사랑 실천에 동참하게 된다. 활동을 수료한 전 봉사단원들은 장학금을 지원받게 된다. 이와 함께 삼성증권은 올해 대표 사회공헌 사업인 '청소년 경제교실' 지원비용도 전년 대비 확대할 계획이다. 확대된 지원비용은 사회복지 기관 및 시설에 여름철 냉방비 지원, 양질의 교육환경 개선에 활용될 예정이다. 한편 야호(YAHO)는 '삼성증권의 젊은 대학생 선생님과 즐거운 경제 교육 기회를 함께 해봐요'라는 의미를 담은 이름으로, 2010년부터 매년 한 기수씩 선발해 1년 동안 삼성증권 대표 사회공헌 사업인 '청소년 경제교실'의 강사로 활동해오고 있다. 삼성증권은 지난 2005년 시작한 '청소년 경제교실'을 통해 지난해까지 모두 21만명에 이르는 청소년들에게 삶에 꼭 필요한 경제지식을 전달해 왔다.","삼성증권은 청소년 경제교육 활동인 '청소년 경제교실'을 2019년에 역대 최대 규모로 진행하기로 결정했다. 삼성증권은 대학생 봉사단인 야호(YAHO)를 10주년을 맞아 출범시키고 지난 1월에는 야호 대학생들을 선발했다. 야호 대학생들은 이달부터 11월까지 아동들을 대상으로 '청소년 경제교실'의 경제교육 강사로 활동하게 될 예정이다. 삼성증권은 또한 경제골든벨, 연합장터 등의 다양한 사회공헌 행사에 야호 대학생들이 참여하도록 하고 있다. 이들이 활동을 수료하면 장학금을 지원받을 수 있을 것이다. 삼성증권은 올해 '청소년 경제교실'의 지원비용을 전년 대비 확대할 계획이며, 이로 인해 사회복지 기관 및 시설에 여름철 냉방비 지원 및 교육환경 개선에 활용될 예정이다. 야호(YAHO)는 2010년부터 삼성증권의 대표 사회공헌 사업인 '청소년 경제교실'의 강사로 활동해오고 있으며, 이 프로그램을 통해 지난해까지 21만명에게 경제지식을 전달해왔다. 이번 '청소년 경제교실'은 삼성증권의 지속적인 사회공헌 활동의 일환으로 주목받고 있다."
다음 글을 요약해라.,"27일 마지막 명판 교체 서울 성북구에서 인촌로 흔적이 사라졌다. 성북구는 1991년 서울시 지명위원회에서 지정한 뒤 28년간 인촌로를 안내하던 마지막 도로명판을 27일 교체했다고 밝혔다. 인촌로가 역사 속으로 사라지는 마지막 작업은 이승로 구청장이 맡았다. 구는 이날 삼선동5가 구청 뒤편 바람마당 앞에서 주민과 상인 대학생 항일운동단체 등 200여명과 함께 '역사 속으로 사라지는 인촌로, 새 역사를 시작하는 고려대로' 행사를 열었다. 이승로 서울 성북구청장이 27일 지역 내 마지막 인촌로 도로명판을 제거한 뒤 주민들이 택한 이름인 고려대로 명판을 부착하는 작업을 하고 있다. 이 구청장은 관계자 도움을 받아 인촌로를 내리고 주민들이 택한 이름인 고려대로 명판을 내거는 작업을 했다. 작업이 끝날 즈음 주민들 사이에서 만세 삼창이 이어지기도 했다. 이승로 구청장은 ""일제 잔재가 담긴 도로명이 적지 않지만 사용자 과반수 동의를 얻어야 하는 조건때문에 대도시에서는 개명 사례가 흔치 않다""며 ""민·관이 협력해 이룬 성북구 사례가 다른 지자체에 큰 자극을 줄 것""이라고 기대했다. 인촌로는 지하철 6호선 보문역부터 고대병원~안암역~고대앞사거리 1.2㎞에 걸친 폭 25m 도로. 인촌로1길 등 연결도로까지 더하면 27개에 달한다. 도로명판 107개와 건물번호판 1519개에 인촌로가 표기돼있었다. 구는 27일 마지막 도로명판을 교체하면서 1626개 안내 시설을 모두 바꿨다. 주민 불편을 덜기 위해 안내문을 발송하고 세대별로 직접 방문, 설명도 곁들이고 있다. 공공 장부상 도로명주소 전환 작업도 마무리 단계다. 인촌로 도로명 주인공인 김성수는 2009년 대통령 직속 '친일반민족행위진상규명위원회'가 발표한 '일제강점기 친일반민족행위 관련자' 명단에 올랐고 정부는 훈장 취소와 생가 동상 등 5곳을 현충시설에서 해제했다. 성북구는 항일독립지사선양단체, 고려대 총학생회 건의를 적극 수용, 지난해 8월 도로명 직권변경 계획을 마련하고 주민 의견수렴을 거쳐 11월 여러 주민들이 선택한 고려대로로 변경했다. 지난 연말 주소 사용자 9118명 가운데 5302명(58%) 서면동의를 받아 도로명 변경이 확정됐다. 지적과 직원 전체와 조사요원들이 나서 주소를 사용하고 있는 세대를 평균 5회 이상 방문해 추진 배경과 필요성을 설명한 결과물이다. 이승로 성북구청장은 ""주소 사용자 9118명을 일일이 만나 받은 동의서 명부 30여권과 새 역사를 상징하는 고려대로 도로명판은 만해 한용운 선생이 성북동 심우장으로 활동무대를 옮긴 뒤 오늘까지 이어진 성북구의 독립정신을 상징한다""고 소감을 밝혔다.","27일 마지막 명판 교체 서울 성북구에서 인촌로 흔적이 사라졌다. 성북구는 1991년 서울시 지명위원회에서 지정한 뒤 28년간 인촌로를 안내하던 마지막 도로명판을 27일 교체했다고 밝혔다. 인촌로가 역사 속으로 사라지는 마지막 작업은 이승로 구청장이 맡았다. 구는 이날 삼선동5가 구청 뒤편 바람마당 앞에서 주민과 상인 대학생 항일운동단체 등 200여명과 함께 '역사 속으로 사라지는 인촌로, 새 역사를 시작하는 고려대로' 행사를 열었다. 이승로 구청장은 관계자 도움을 받아 인촌로를 내리고 주민들이 택한 이름인 고려대로 명판을 내거는 작업을 했다. 작업이 끝날 즈음 주민들 사이에서 만세 삼창이 이어지기도 했다. 이승로 구청장은 ""일제 잔재가 담긴 도로명이 적지 않지만 사용자 과반수 동의를 얻어야 하는 조건때문에 대도시에서는 개명 사례가 흔치 않다""며 ""민·관이 협력해 이룬 성북구 사례가 다른 지자체에 큰 자극을 줄 것""이라고 기대했다. 인촌로는 지하철 6호선 보문역부터 고대병원~안암역~고대앞사거리 1.2㎞에 걸친 폭 25m 도로. 인촌로1길 등 연결도로까지 더하면 27개에 달한다. 도로명판 107개와 건물번호판 1519개에 인촌로가 표기돼있었다. 구는 27일 마지막 도로명판을 교체하면서 1626개 안내 시설을 모두 바꿨다. 주민 불편을 덜기 위해 안내문을 발송하고 세대별로 직접 방문, 설명도 곁들이고 있다. 공공 장부상 도로명주소 전환 작업도 마무리 단계다. 인촌로 도로명 주인공인 김성수는 2009년 대통령 직속 '친일반민족행위진상규명위원회'가 발표한 '일제강점기 친일반민족행위 관련자' 명단에 올랐고 정부는 훈장 취소와 생가 동상 등 5곳을 현충시설에서 해제했다. 성북구는 항일독립지사선양단체, 고려대 총학생회 건의를 적극 수용, 지난해 8월 도로명 직권변경 계획을 마련하고 주민 의견수렴을 거쳐 11월 여러 주민들이 선택한 고려대로로 변경했다. 지난 연말 주소 사용자 9118명 가운데 5302명(58%) 서면동의를 받아 도로명 변경이 확정됐다. 지적과 직원 전체와 조사요원들이 나서 주소를 사용하고 있는 세대를 평균 5회 이상 방문해 추진 배경과 필요성을 설명한 결과물이다. 이승로 성북구청장은 ""주소 사용자 9118명을 일일이 만나 받은 동의서 명부 30여권과 새 역사를 상징하는 고려대로 도로명판은 만해 한용운 선생이 성북동 심우장으로 활동무대를 옮긴 뒤 오늘까지 이어진 성북구의 독립정신을 상징한다""고 소감을 밝혔다."
다음 글을 요약해라.,"홍영표 민주당 원내대표 남북교류 확대 주도 홍영표 더불어민주당 원내대표는 28일 ""3.1운동 100주년이 새로운 대한민군 건설의 원년이 되길 기대한다""고 밝혔다. 홍 원내대표는 이날 국회에서 열린 정책조정회의에서 ""새로운 100년은 지난 100년의 잘못을 답습하는 대신 더 나은 변화와 희망을 만드는 과정이어야 한다""며 이같이 말했다. 홍 원내대표는 ""새로운 100년의 첫번재 과제는 평화와 번영의 한반도를 만드는 것""이라며 ""우리 사회의 낡고 불합리한 시스템을 개선해 더 살기 좋은 나라를 만들어야 한다""고 말했다. 이어 ""구조적인 사회 양극화, 경제적 불평등을 해소하고 혁신적 포용국가 기틀을 다지는 게 중요하다""면서 ""함께 잘 사는 사회를 위한 사회적 대타협도 이뤄내야 한다""고 했다. 홍 원내대표는 ""정치도 지금까지와는 다른 모습으로 바뀌었으면 한다""며 ""정쟁과 갈등을 반복하는 낡은 정치에서 벗어나 대화와 타협을 통한 협치 문화를 만들어야 한다""고 강조했다. 그는 특히 전날 황교안 당대표 등 새 지도부를 선출한 자유한국당에 대해 ""새 지도부가 합리적인 보수정당의 모습을 보여주길 바란다""고 주문했다. 홍 원내대표는 또 북미정상회담과 관련 ""북한의 실질적 비핵화 조치와 이에 상응하는 대북제제 완화, 더 나아가 종전합의까지 기대해본다""며 ""오늘 회담은 한반도 평화의 시대를 향한 역사적인 대전환점이 될 것""이라고 기대했다. 그는 특히 ""평화의 기회를 살리기 위해서는 북미 정삼회담 이후를 잘 준비해야 한다""며 ""이번 회담 성과를 토대로 미국 등 주변국과 의원외교를 강화하고 남북교류협력 확대에도 주도적으로 나서겠다""고 밝혔다.","홍영표 더불어민주당 원내대표는 3.1운동 100주년을 대한민군 건설의 원년으로 기대한다고 밝혔다. 그는 새로운 100년은 지난 100년의 잘못을 바로잡는 대신 더 나은 변화와 희망을 만드는 시기가 되어야 한다고 말했다. 이러한 과정에서 가장 중요한 과제는 평화와 번영의 한반도를 만드는 것이며, 사회적인 양극화와 불평등을 해소하고 혁신적 포용국가를 성장시키는 것이 핵심이라고 강조했다. 또한, 그는 낡은 정치에서 벗어나 대화와 타협을 통한 협치 문화를 만들어야 한다고 주장했다. 특히, 홍 원내대표는 자유한국당에 새로운 보수정당의 모습을 보여주기를 기대한다고 밝혔다. 북미정상회담에 대해서는 북한의 비핵화와 대북제재 완화, 그리고 종전합의까지 기대한다고 말했으며, 이번 회담이 한반도 평화의 대전환점이 될 것으로 기대했다. 그는 미국 등 주변국과 의원외교를 강화하고 남북교류협력을 주도적으로 확대할 것이라고 밝혔다."
다음 글을 요약해라.,"③교체 열망 - 기성 영남 의원들 줄줄이 쓴잔활용 자유한국당 2.27 전당대회가 우여곡절 끝에 마무리됐다. 황교안 신임 당대표가 '대세론'을 업고 선출됐지만 전대결과는 그에게 경고 메시지를 보냈다는 분석이 나온다. '박근혜 복권' 같은 퇴행적 프레임에 갇히지 말고 혁신에 매진해야 한다는 주문이다. 메시지를 뒷받침하는 첫 번째 신호는 오세훈 후보의 막판 급부상이다. 오 후보는 보수진영 차기 대선주자로 황 후보가 거론되던 지난해 하반기만 해도 두각을 나타내지 못했다. 그러나 황 후보가 전대에 임박하면서 '태블릿PC 조작설' 등으로 탄핵불복 논란의 중심에 서자 국민여론이 '중도확장'을 외치던 오 후보에게 집중됐다. 오 후보는 27일 합산 득표율 31.1%를 기록하며 재기의 발판을 마련했다는 평가가 나온다. 두 번째 신호는 당내 극우의 퇴조다. 이번 전대에서는 '태극기부대'가 한국당의 주류가 될 수 없다는 사실이 재확인됐다. 태극기부대 표심을 집중 공략한 김진태 후보는 이날 합산 득표율 18.9%를 기록했다. 그가 2017년 대선후보 경선 당시 획득했던 19.30%보다 낮은 수치다. 대선경선 당시 당원투표·여론조사 비중은 각 50%였다. 이번 전대에서 당원투표 비중이 70%였음을 고려하면 김 후보 지지층은 더 큰 폭으로 줄어들었다. 이번 전대를 앞두고 태극기부대가 대대적으로 한국당에 유입됐다는 주장이 거짓이거나, 그보다 많은 기존 당원들이 김진태식 친박정치에 등을 돌린 것으로 풀이된다. 이같은 흐름은 최고위원 투표결과에서도 일부 드러난다. 민주당 출신으로 당내 진영갈등과는 거리를 두던 조경태 후보가 가장 높은 24.2%로 최고위원 1위에 안착했다. 정미경 전 의원은 '탈당파' 꼬리표에도 불구 '5.18 망언' 논란으로 태극기표심을 자극하던 김순례후보(12.7%)보다 높은 17.1%로 2위를 기록했다. 세 번째 신호는 기성 정치인에 대한 교체기류다. 이날 전대에서는 지역 현역인 윤재옥·윤영석 최고위원 후보가 비례대표인 김순례 후보, 원외인 정미경 후보에게 고배를 마시는 '이변'이 일어났다. 경북 유력 현역인 김광림 의원마저 가까스로 4위에 들었다. 1인 2표제에서 지역 강경보수층이 김순례 후보에게 표를 몰아준 탓이 아니냐는 해석도 나오지만 '익숙한 얼굴'에 대한 싫증이 작용한 것이라는 시각에 무게가 실린다. 김장수 제3정치연구소 소장은 ""이번 전대 결과를 보면 문재인정부를 견제하려면 한국당을 살려야 한다는 표심이 발현됐다""며 ""당원과 국민이 한국당에 바라는 게 극우도, 막말도, 구시대 정치인도 아니라는 점이 곳곳에서 관찰된다""고 설명했다. 김 소장은 ""황 대표는 친박주자로서가 아니라 대선주자급 신인으로서 당원들의 지지를 받은 것""이라며 ""표심은 황 대표에게 퇴행이 아니라 쇄신을 주문하고 있다""고 말했다. 한편 황 신임 대표는 27일 경기 고양 킨텍스에서 열린 전당대회의 당 대표 경선에서 50.0%(6만8713표)를 얻어 오세훈(31.1%·4만2653표), 김진태(18.9%·2만5924표) 후보를 제치고 당선됐다. 또 한국당은 이날 조경태·정미경·김순례·김광림 최고위원(득표순)과 신보라 청년최고위원을 선출했다. 이번 선거는 당원과 일반 국민을 상대로 한 여론조사를 7:3의 비율로 합산해 순위를 정했으며, 선거인단 총 37만8067명 중 9만6103명이 투표해 25.4%의 투표율을 기록했다.","'대세론'을 업고 선출된 황교안 당대표에게 대한 경고 메시지가 전당대회 결과에서 나타났다. 이번 전대에서는 오세훈 후보의 급부상과 김진태 후보의 퇴조가 주목되는데, 이는 현재의 퇴행적인 프레임에 갇히지 말고 혁신에 매진해야 한다는 메시지로 받아들일 수 있다. 또한, 기성 정치인에 대한 교체기류도 나타나고 있는데, 윤재옥, 윤영석 최고위원 후보들이 비례대표인 김순례 후보, 원외인 정미경 후보에게 고배를 마시는 '이변'이 발생했다. 이번 전대 결과로 보았을 때, 한국당을 살려야 한다는 표심이 발현되고 있으며, 많은 당원과 국민이 극우, 막말, 구시대 정치인을 원하지 않는다는 사실이 드러나고 있다. 황 대표는 대선주자급 신인으로써 당원들의 지지를 받은 것으로 분석되며, 표심은 그에게 퇴행이 아니라 쇄신을 주문하고 있다. 전대결과는 당원과 국민의 기대에 부응해야 한다는 메시지를 보내는 결과이다."
다음 글을 요약해라.,"한국정부 대외 통상교섭을 이끌 본부장에 유명희 산업통상자원부 통상교섭실장(사진)이 임명됐다. 또 국가안보실 제1차장에 김유근 국방부 주한미군기지이전 사업단 단장, 국가안보실 제2차장에 김현종 산업통상자원부 통상교섭본부장이 각가 임명됐다. 문재인 대통령은 28일 통상과 국가안보실 차장 인사를 이와 같이 단행했다. 유명희 신임 통상교섭본부장은 통상 분야에서 활동해온 통상전문가로 평가된다. 김의겸 청와대 대변인은 ""굵직한 통상업무를 담당하면서 쌓아온 업무 전문성과 실전경험, 치밀하면서도 강단 있는 리더십으로 당면한 통상 분야 현안을 차질 없이 해결해 나갈 것""이라고 밝혔다. 김유근 신임 국가안보실 제1차장은 합동참모본부와 육군본부에서 작전과 전력 분야 직위를 역임한 군 출신 인사다. 미군기지이전사업단장을 맡아 성공적 역할을 수행했다는 평가를 받았다. 김 대변인은 ""국가안보실 제1차장으로서 안보정책 및 국방개혁을 성공적으로 이끌어나갈 것으로 기대한다""고 말했다. 김현종 신임 국가안보실 제2차장은 한미자유무역협정 등 통상 외교현장에서 활동한 외교·통상 전문가이다. 청와대는 김 신임 2차장이 외교·통상 분야에서 쌓아온 다양한 현장 경험과 미국을 비롯한 주요국의 풍부한 인적 네트워크를 바탕으로 정부의 외교·통일정책을 추진해 나갈 것으로 기대했다.","""한국정부 대외 통상교섭을 이끌 본부장에 유명희 산업통상자원부 통상교섭실장(사진)이 임명됐다. 또 국가안보실 제1차장에 김유근 국방부 주한미군기지이전 사업단 단장, 국가안보실 제2차장에 김현종 산업통상자원부 통상교섭본부장이 각가 임명됐다. 문재인 대통령은 28일 통상과 국가안보실 차장 인사를 이와 같이 단행했다. 유명희 신임 통상교섭본부장은 통상 분야에서 활동해온 통상전문가로 평가된다. 김의겸 청와대 대변인은 ""굵직한 통상업무를 담당하면서 쌓아온 업무 전문성과 실전경험, 치밀하면서도 강단 있는 리더십으로 당면한 통상 분야 현안을 차질 없이 해결해 나갈 것""이라고 밝혔다. 김유근 신임 국가안보실 제1차장은 합동참모본부와 육군본부에서 작전과 전력 분야 직위를 역임한 군 출신 인사다. 미군기지이전사업단장을 맡아 성공적 역할을 수행했다는 평가를 받았다. 김 대변인은 ""국가안보실 제1차장으로서 안보정책 및 국방개혁을 성공적으로 이끌어나갈 것으로 기대한다""고 말했다. 김현종 신임 국가안보실 제2차장은 한미자유무역협정 등 통상 외교현장에서 활동한 외교·통상 전문가이다. 청와대는 김 신임 2차장이 외교·통상 분야에서 쌓아온 다양한 현장 경험과 미국을 비롯한 주요국의 풍부한 인적 네트워크를 바탕으로 정부의 외교·통일정책을 추진해 나갈 것으로 기대했다."""
다음 글을 요약해라.,"음주운전·사기·성폭력 제외 법무부는 3·1절 100주년을 맞아 28일 오전 10시 모범수형자와 환자, 고령자 등 총 751명을 가석방했다. 가석방은 징역 또는 금고형을 받고 수형 중에 있는 사람이 그 행장이 양호하고 개전의 정이 뚜렷하여 나머지 형벌의 집행이 불필요하다고 인정되는 경우 일정한 조건 하에 임시로 석방하는 제도다. 조건은 무기징역형은 20년, 유기징역형은 형기의 3분의 1을 경과해야 한다. 다만, 소년의 경우 무기형에는 5년, 15년의 유기형에는 3년, 부정기형에는 단기의 3분의 1을 경과해야 한다. 이번 가석방 대상에는 무기수형자 2명 등 징역 10년 이상의 장기수형자 24명을 비롯해 70세 이상 고령자, 중증 환자, 장애인 등 사회적 약자 55명이 포함됐다. 특히 무기수 및 장기수형자는 학사고시 또는 검정고시 합격, 산업기사 등 기능자격증 취득, 기능(지방)경기대회 입상 등 수용기간 성실히 생활하고 취업보증 등 재범 위험성이 없는 모범수형자를 신중히 검토했다는 것이 법무부의 설명이다. 가석방 대상자 중에는 △교정시설 안에서 만 1세 영아를 양육하는 여성 수형자 △징역 20년을 선고받고 17년 넘게 수용 생활을 하면서 10종의 자격증을 취득한 모범수형자 △30년 6개월간 수용 생활을 하면서 양복산업기사 등 4종의 자격증을 취득하고 고졸 검정고시에 합격한 무기수형자 등이 있다. △교정시설에 마지막으로 남아있던 종교·양심적 병역거부자 1명도 가석방 대상에 포함됐다. 지난해 11월 초 대법원이 양심적 병역거부자 사건을 무죄 취지로 파기환송한 데 따른 조치다. 법무부는 형을 확정 받고 교정시설에 수감된 종교·양심적 병역거부자를 같은 달 30일부터 가석방하기 시작했다. 이번에 가석방 결정이 내려진 종교, 양심적 병역거부자는 오는 8월 형기가 종료될 예정이었다. 지금까지 종교,양심적 병역거부자들은 통상 1년6개월형을 선고받고 수감된 지 1년 2~3개월 가량 형기를 채운 뒤 가석방되는 경우가 많았다. 하지만 대법원 판결 이후 법무부는 형기가 1년가량 남은 수감자에 대해서도 가석방해왔다. 하지만 이번 가석방에서도 상습 음주 운전자나 사기범, 유사수신·다단계 사범, 성폭력·가정폭력 사범, 음란동영상 유포자는 배제했다고 법무부는 설명했다.","음주운전·사기·성폭력을 제외한 가석방 대상자로 100주년을 맞아 법무부가 751명을 가석방했다. 가석방은 징역 또는 금고형을 받고 수형 중인 사람이 행동이 양호하고 개전의 정이 뚜렷하여 나머지 형벌의 집행이 필요하지 않다고 인정될 때 임시로 석방하는 제도를 말한다. 가석방 조건은 무기징역형은 20년, 유기징역형은 형기의 3분의 1을 경과해야 하며, 소년의 경우 무기형은 5년, 15년의 유기형은 3년, 부정기형은 형기의 3분의 1을 경과해야 한다. 이번 가석방 대상자로는 무기수형자 2명을 포함한 징역 10년 이상의 장기수형자 24명, 70세 이상 고령자, 중증 환자, 장애인 등의 총 751명이 포함되었다. 가석방 대상자 중에는 여성 수형자 중에서도 만 1세 영아를 양육하는 사례가 포함되었으며, 징역 20년을 받고 17년을 수형한 모범수형자와 30년 6개월간 수형한 무기수형자 등도 포함되었다. 특히 종교, 양심적 병역거부자에 대한 가석방 또한 이루어졌는데, 이는 지난해 11월에 대법원이 양심적 병역거부자 사건을 무죄 취지로 파기환송한 조치에 따른 것이다. 최근 법무부는 형기가 1년가량 남은 종교, 양심적 병역거부자에 대해서도 가석방를 진행해 왔다. 가석방에서는 음주운전, 사기, 유사수신·다단계 사범, 성폭력·가정폭력 사범, 음란동영상 유포자 등의 범죄자들은 배제되었다. 법무부는 이번 가석방 결정에 대해 신중한 검토를 거쳤다고 밝혔다."
다음 글을 요약해라.,"검찰-변호인단 재차 공방 이명박 전 대통령의 보석 여부가 또 다시 법정에서 논란이 됐다. 재판부는 3월 6일 보석 여부를 결정키로 했다. 법원이 어떻게 결정하든 여진은 남을 전망이다. 27일 서울고등법원 형사1부(정준영 부장판사) 심리로 열린 공판준비 기일에서 이 전 대통령 측 변호인은 ""거의 1년간 수감생활을 통해 기억력이 급격히 감퇴하고 있어 종합병원 진료를 받아야 한다는 의견이 있다""며 ""건강상태 고려하면 보석을 해야 한다""고 주장했다. 이어 ""구속만기까지 한달 반 정도에 불과하다""며 ""증거인멸 우려가 전혀 없다""고 덧붙였다. 이 전 대통령 측은 보석 이유로 '방어권 보장'을 강조하고 있다. 변호인단이 신청한 증인 대부분에게 송달이 되지 않는 점, 재판부가 변경된 점 등이 피고인에게 불리할 수 있다는 것이다. 검찰은 이 전 대통령이 건강상 문제가 없지만 위중하지 않다고 보고 있다. 또 위중하다는 이유만으로 보석을 허가해서는 안 된다고 강조했다. 검찰은 ""재판부 변경은 보석사유가 될 수 없다""며 ""양승태 전 대법원장 보석 청구로 국민적 관심이 높은 상황에서 피고인(이 전 대통령) 건강상태가 석방돼 치료받아야 할 정도로 위중하지 않다는 판단""이라고 밝혔다. 이어 ""피고인이 고령의 노인으로 여러 만성질환을 앓고 있는 점도 부인하지 않는다""면서 ""피고보다 위중한 환자 다수가 구치소에서 생활하고 일부는 급사 위험 환자로 관리되고 있다""고 덧붙였다. 검찰은 보석 여부는 재판부 결정에 따르겠다는 입장이지만 ""1심에서 중형을 선고받은 피고인이 2심에서 재판 지연만 되면 보석 되는 게 사법정의는 아닐 것""이라고 힘 줘 말했다. 다음 준비기일에는 검찰과 변호인단의 항소이유서를 토대로 각자 입장을 설명할 예정이다.","이명박 전 대통령의 보석 여부가 다시 법정에서 논란이 되고 있다. 이에 대한 결정은 3월 6일에 이루어질 예정이다. 변호인단은 이 전 대통령의 기억력이 감퇴하고 있다며 종합병원 진료를 받아야 한다고 주장했고, 구속만기까지 한 달 반 정도 밖에 남지 않았으며 증거인멸 우려가 없다고 언급했다. 검찰은 이 전 대통령의 건강상 문제는 위중하지 않다고 판단하고 있다. 또한, 검찰은 재판부 변경은 보석사유가 되지 않으며 기타 환자들이 구치소에서 살면서 일부가 급사 위험환자로 관리되고 있다고 언급했다. 검찰은 보석 여부는 재판부의 결정에 따르지만 1심에서 중형을 선고받은 피고인이 2심에서 재판 지연만 되면 보석되는 것은 사법정의 원칙에 어긋나는 것이라고 주장하고 있다. 다음 준비기일에서는 검찰과 변호인단의 항소이유서를 토대로 입장을 설명할 예정이다. "
다음 글을 요약해라.,"실태조사 결과도 공개 올해 법학전문대학원(로스쿨) 학생들도 소득 수준에 따라 6명 가운데 1명꼴로 전액 장학금을 받는다. 교육부는 저소득 로스쿨 학생을 위해 2019년 국고 지원 장학금 44억5000만원을 각 대학별로 배정했다고 28일 밝혔다. 국내 로스쿨은 학생 소득에 따라 일정 수준 이상의 장학금을 지원한다. 경제적 취약계층 대상으로 분류되는 기초생활수급자와 소득 1∼3구간의 학생이 국고로 등록금 전액을 지원받는다. 현재 1040여명이 지원을 받고 있으며 이는 로스쿨 정원 6000명의 약 17% 수준이다. 지난해에도 1019명의 로스쿨 학생이 등록금 전액을 국고로 지원받았다. 올해는 소득 4∼6구간인 학생들도 로스쿨 자체 재원으로 소득 구간에 따라 등록금의 70∼90%를 지원받는다. 로스쿨은 등록금 수입의 30% 이상을 장학금으로 편성해야 한다. 그중 70% 이상은 경제적 환경(소득수준)을 고려해 지급해야 한다. 교육부는 올해부터 소득 6구간의 기준이 중위소득 100∼120%에서 100∼130%로 확대했다. 교육부는 부모의 지원이 충분한 학생이 결혼을 하면서 가구가 분리됨에 따라 소득 구간이 떨어지면서 장학금을 받는 사례를 최소화하도록 권고했다. 로스쿨로 옮긴 학생이 과도하게 장학금을 가져가지 않도록 학생 당 법전원(타대학 포함) 장학금 총 수혜횟수를 총 6학기로 제한했다. 특히 추가합격 등으로 불가피하게 소득구간 산정 신청을 하지 못한 학생은 대학 자체적으로 소득 증빙서류를 확인해 장학금을 지급할 수 있도록 구제 절차를 마련했다. 한편 교육부는 지난해 12월 실시한 '로스쿨 입학전형 및 취약계층 장학금 지급 실태점검' 결과도 공개했다. 교육부는 매년 8∼9개 학교씩, 3년 주기로 모든 로스쿨의 입학전형을 실태점검하고 있다. 지난해는 강원대·서울시립대 등 국공립 3개 학교와 건국대 성균관대 연세대 등 사립 5개 학교가 대상이었다. 8개 학교 모두 자기소개서에 부모·친인척 신상을 기재하지 못하게 하고, 면접 과정에서 부모·친인척의 신상을 묻지 않도록 하는 등 블라인드 면접 절차가 지켜진 것으로 파악됐다. 다만 서류평가 때 출신 학교명 등 개인식별정보 음영 처리를 소홀히 하는 등 일부 미흡한 관리 사례를 확인하고 시정조치를 권고했다.","로스쿨 전문대학원 학생들의 장학금 수혜 현황이 공개됐다. 현재 로스쿨 학생들 중 6명 중 1명이 전액 장학금을 받는 것으로 조사되었다. 교육부는 이를 고려해 저소득 로스쿨 학생들을 위해 2019년 국고 지원 장학금 44억5000만원을 배정했다고 밝혔다. 로스쿨은 학생의 소득에 따라 장학금을 지원하며, 기초생활수급자와 소득 1∼3구간의 학생들은 등록금 전액을 국고로 지원받는다. 현재 1040여명의 학생들이 지원을 받고 있으며, 이는 로스쿨 정원의 17%에 해당한다. 올해는 소득 4∼6구간인 학생들도 로스쿨 자체 재원으로 등록금의 70∼90%를 지원받게 된다. 로스쿨은 등록금 수입의 30% 이상을 장학금으로 편성해야 하며, 경제적 환경을 고려해 70% 이상을 지급해야 한다. 교육부는 올해부터 소득 6구간의 기준을 중위소득 100∼120%에서 100∼130%로 확대하였다. 또한 로스쿨로 옮긴 학생들에 대해서는 학생 당 법전원 장학금 총 수혜횟수를 6학기로 제한하는 등의 조치를 취했다. 이밖에도 교육부는 로스쿨의 장학금 지급 실태점검 결과를 공개하였는데, 자기소개서에 부모·친인척 신상 기재를 제한하고 면접 과정에서도 이를 묻지 않는 등의 블라인드 면접 절차가 지켜진 것으로 파악되었다. 단, 일부 학교는 개인식별정보의 음영 처리를 소홀히 하는 등 미흡한 관리 사례를 확인했으며 이에 대해 시정조치를 권고했다."
다음 글을 요약해라.,"법원 ""소개·알선 아냐"" 라식수술을 받으려는 환자들을 제휴 병원에 소개해주고 대가를 받은 광고업자가 재판에서 무죄를 선고 받았다. 의료단체 등은 유령 단체를 내세워 환자를 소개·알선·유인했다고 주장했지만 법원은 이를 인정하지 않았다. 28일 법조계에 따르면 최근 서울중앙지방법원 형사11단독 김경진 판사는 의료법 위반 혐의로 재판에 넘겨진 광고업자 나 모씨에 대해 무죄를 선고했다. 김 판사는 ""세계각국에서 의료광고를 일정 범위 내에서 금지하는게 대부분이지만 점차 허용범위가 넓어지는 추세""라며 ""금지되지 않은 광고에 대해 별도 유인행위 등 명목으로 처벌하는 입법례는 찾아보기 힘들다""고 밝혔다. 이어 ""의료광고 조항의 내용, 연혁, 취지를 고려하면 의료시장 질서를 현저하게 해치는 특별한 사정이 없는 한 의료법 27조 3항이 정하는 환자의 유인에 해당하지 않고 환자의 소개·알선 또는 사주에 해당하지 않는다""고 판단했다. 나씨는 2011년 7월부터 2014년 5월까지 10개 병원에 환자 1만7824명을 소개한 뒤 32억원이 넘는 돈을 소개비 명목으로 받아 챙긴 혐의로 재판에 넘겨졌다. 현행 의료법에는 영리를 목적으로 환자를 의료기관이나 의료인에게 소개 및 알선, 유인 또는 이를 사주하는 행위를 해서는 안 된다고 규정하고 있다. 나씨는 2009년 '아이프리'라는 홈페이지를 만들어 제휴 병원 중 하나를 선택해 수술하면 부작용시 최대 3억원을 배상받을 수 있는 '세이프라식' 서비스를 시작한다고 홍보했다. 이어 2011년에는 홈페이지와 같은 이름의 라식소비자단체를 세웠고, 자신의 회사 직원을 아이프리 단체장으로 내세워 단체를 운영했다. 김 판사는 우선 나씨가 라식소비자단체 구체적 운영에는 관여하지 않아 활동상 독립성이 실질적으로 보장됐다고 판단했다. 또 라식소비자단체가 수술 부작용 체험자와 희망자들로 구성한 심사평가단이 병원을 실제 방문해 수술장비 점검이나 위생상태 점검 등의 활동을 한 뒤 홈페이지에 공개한 것에 대해서는 긍정적으로 봤다. 실제 법원에 증인으로 나온 의사들도 라식소비자단체 심사평가단의 정기점검 때문에 수술실 환경 개선에 노력하게 됐다는 취지로 진술한 점이 고려됐다. 특히 수술 부작용시 배상을 내용으로 한 보증서에 대해 ""발급 사실만으로도 인증병원 의료진에게 수술 안전성 확보와 사후관리에 관해 책임 의식을 제고하는 역할을 할 것으로 보인다""면서 ""보증서 배상 규정이 엄격해 단순히 소비자들을 유혹하기 위해 만들어낸 형식적인 것에 불과하다고 단정하기 어렵다""고 판단했다. 또 병원이 홈페이지에 지급한 광고비가 아이프리를 통해 수술한 환자의 수나 건당 일정 비율로 계산하지 않았고, 일부 병원만 선불로 광고한 것을 고려해 소개비라고 판단하지 않았다.","""소개·알선 아냐"" 라식수술을 받으려는 환자들을 제휴 병원에 소개해주고 대가를 받은 광고업자가 재판에서 무죄를 선고 받았다. 의료단체 등은 유령 단체를 내세워 환자를 소개·알선·유인했다고 주장했지만 법원은 이를 인정하지 않았다. 나 모씨는 10개 병원에 환자 1만7824명을 소개하고 32억원 이상의 돈을 소개비로 받았다. 법원은 의료법의 조항을 고려하여 환자 소개나 알선에 해당하지 않는다고 판단했다. 김 경진 판사는 의료광고를 일정 범위 내에서 금지하는 게 대부분이지만 점차 허용 범위가 넓어지고 있다고 밝혔다. 법원은 남씨의 홈페이지와 라식소비자단체의 활동을 긍정적으로 평가하고, 보증서 배상 규정이 단순히 소비자 유혹을 위한 것이 아니라 수술 안전성과 사후관리의 책임 의식을 제고하는 역할을 할 것으로 판단했다. 또한 병원이 지급한 광고비는 소개비로 간주하지 않았다. 법원은 의료광고를 일정 범위 내에서 허용하고 있으며, 나 모씨의 행위가 의료시장 질서를 현저하게 해치지 않는다고 결론내렸다."
다음 글을 요약해라.,"세계 최초 장착 현대자동차와 기아자동차는 차량내장형 '주행 영상기록장치(DVRS)'를 향후 출시하는 신차에 순차적으로 적용할 계획이라고 28일 밝혔다. 이 DVRS는 차량 내 AVN(오디오·비디오·내비게이션) 화면 및 스마트폰과 연동되는 것이 특징이다. 기존에도 간단한 기능의 내장형 영상 기록장치가 양산차에 적용된 사례는 있었지만 △전후방 고화질 녹화 △주차 중 녹화(보조배터리 장착시) △충격감지 모드 △AVN 연동 △스마트폰 연동 △메모리 고급 관리 △eMMC(내장형 메모리) 적용 등 다양한 기능을 제공할 뿐만 아니라 빌트인 타입으로 제공된 것은 세계 최초다. 특히 현대차·기아차의 DVRS 모듈은 룸미러 뒤쪽 공간에 숨겨져 외부로 노출되지 않아 운전자의 시야 방해나 사고시 부상 우려가 없다. 긴급 녹화버튼은 룸미러 위 실내등 옆에 배치돼 위급 상황에서 운전자가 직관적으로 작동할 수 있다. 차량 내부에 장착된 32GB 용량의 저장장치는 스마트폰에 사용되는 내장형 eMMC 타입으로 내구성과 신뢰성이 높은 메모리를 적용해 장기간 사용해도 문제 발생 확률이 낮다. 연속 녹화시간은 주행 중 3시간, 주차 상태에서는 10시간(보조배터리 추가 장착 시)까지 가능하다. 저장된 영상은 AVN 화면이나 휴대폰 어플리케이션을 통해 영상 재생 편집 삭제 공유 등의 기능을 수행할 수 있다. 녹화된 영상이나 스냅샷은 스마트폰 전용 애플리케이션을 통해 공유할 수 있고, 장시간 드라이브 영상을 짧은 시간으로 압축해 보여주는 타임랩스기능도 제공해 라이프 스타일에 따라 다양한 활용도 가능하다.","세계 최초로 현대자동차와 기아자동차가 차량내장형 '주행 영상기록장치(DVRS)'를 신차에 적용할 계획이라고 밝혔다. 이 DVRS는 차량 내 AVN 화면과 스마트폰과 연동될 수 있으며, 다양한 기능을 제공한다. 이 모듈은 뒷자석을 보는 룸미러 뒤에 숨겨져 운전자의 시야 방해나 사고시 부상 우려가 없다. 긴급 녹화 버튼은 룸미러 위 실내등 옆에 배치돼 위급 상황에서 운전자가 작동할 수 있다. 저장장치는 32GB 용량으로 스마트폰의 내장형 eMMC 타입으로 내구성과 신뢰성이 높다. 연속 녹화시간은 주행 중 3시간, 주차 상태에서는 10시간까지 가능하며, 저장된 영상은 AVN 화면이나 휴대폰 어플리케이션을 통해 편집, 삭제, 공유 등 다양한 기능을 수행할 수 있다. 이 DVRS는 스마트폰 전용 애플리케이션을 통해 영상을 공유하고 타임랩스 기능도 제공해 다양한 활용도가 가능하다."
다음 글을 요약해라.,"적극행정 유도 방안 모색 ""공무원들의 소극적인 행정이 규제개선에 큰 장애물이다. 규제 10% 풀면 예산 5조원 효과가 있다."" 박주봉 중소기업옴부즈만이 27일 취임 1주년을 맞아 간담회에서 소회를 밝히고 있다. 박주봉 중소기업옴부즈만이 취임 후 1년간 느낀 소회다. 박 옴부즈만은 지난해 2월 27일 차관급인 제4대 중소기업옴부즈만에 취임했다. 그는 1988년 대주개발을 설립해 지금은 중견기업 규모로 키웠다. 박 옴부즈만은 27일 가진 취임 1주년 기자간담회에서 ""올해를 규제성과 원년으로 삼겠다""고 밝혔다. 규제개선 노력이 성과를 내려면 공무원들의 뒷받침이 있어야 가능하다. 그는 ""30년간 기업에 몸담았던 경험에 비춰보면 기업에선 밤을 새워서라도 끝낼 일인데 공무원은 간절함이 부족하달까, 적극 행정이 부족하다고 생각했다""고 말했다. 박 옴부즈만이 '공무원 동기부여'를 고심하고 있는 이유다. 공무원의 '적극 행정'을 유도하기 위해 정부 훈·포장 등 인센티브를 활용방안을 모색하고 있다. 규제혁신의 성과를 공유하는 '규제혁신 대전'을 신설하고, '적극행정 면책건의권'을 활용할 계획이다. 공무원들이 능동적이고 적극적으로 업무를 추진할 수 있는 환경을 만들기 위해서다. 지난해에 면책건의권을 활용해 지방자치단체 공무원 4명의 책임을 경감한 바 있다. 감사원에도 공무원들이 적극행정을 할 수 있도록 분위기를 조성해달라고 부탁도 했다. 그는 규제애로 발굴·개선에 기여한 기업·공무원에 주는 '망치상'(가칭)을 계획하고 있다. 규제 애로를 망치로 깨 없애버리겠다는 의미다. 특히 공공기관의 규제개선 노력을 평가하는 방안도 마련 중이다. 그는 공무원의 적극행정 효과가 크다고 판단한다. 박 옴부즈만은 ""현재 34%의 규제는 공무원 적극행정으로 해결할 수 있다. 법을 고치지 않아도 공무원이 적극적으로 규제를 해결할 수 있다""고 지적했다. 그는 ""각종 규제를 돈으로 환산하면 1년에 56조원에 달한다는 통계가 있다""며 ""규제 10%만 해결해도 5조원 넘는 예산을 푸는 격""이라고 강조했다. 한편 박 옴부즈만은 지난해 지역·분야별 간담회와 현장방문 등을 통해 147회 기업인을 만났다. 기업현장의 규제 애로 4486건을 발굴해 3982건을 처리했다. 17개 시·도와 함께 하는 민생규제 현장토론회를 통해 규제개혁에 대한 협력체계를 마련하고 총 40건의 제도를 개선했다.","중소기업옴부즈만인 박주봉이 취임 1주년을 맞아 간담회에서 소회를 밝혔다. 그는 규제 10%를 푼다면 예산 5조원이 절감될 수 있다고 밝혔다. 그는 공무원들이 규제개선을 위해 적극적으로 역할을 해야 한다고 강조했다. 이를 위해 정부 훈·포장 등의 인센티브를 고려하고 있다. 또한 규제혁신 대전을 개최하고, 적극행정 면책건의권을 활용할 계획이라고 밝혔다. 그는 공무원들에게 적극적인 업무 수행을 유도하기 위해 망치상을 계획하고 있다. 또한 공무원의 적극행정 효과가 크다고 판단하여 현재 존재하는 34%의 규제를 해결할 수 있다고 제시하였다. 이를 통해 5조원 이상의 예산을 절감할 수 있다고 강조하였다. 박주봉은 그동안 147회의 기업인과 만나면서 기업현장의 규제 애로를 발굴하고 개선하는 노력을 기울였다. 많은 제도 개선을 이루어내는 등 중소기업 발전에 많은 노력을 기울인 것이다."
다음 글을 요약해라.,"국토교통부는 9개 업체에서 제작.수입해 판매한 21개 차종 20만7100대에서 제작결함이 발견돼 자발적으로 시정조치(리콜)한다고 28일 밝혔다. 운전석 또는 조수석 에어백 결함과 센터콘솔, 트렁크 도어 등 자동차 부품결함이 확인됐다. 수입사별로는 △한국GM 18만9279대 △FCA코리아 5213대 △재규어랜드로버코리아 4989대 △포드세일즈서비스코리아 297대 △메르세데스 벤츠코리아 117대 △볼보자동차코리아 1231대 △재규어랜드로버코리아 1231대 △다임러트럭코리아 321대 △한국모터트레이닝 1115대 등이다. 만트럭버스코리아에서 수입한 덤프트럭 1688대도 리콜한다. 한국GM 라세티 프리미어 등 5개 차종, FCA코리아 300C 등 2개 차종, 재규어랜드로버코리아의 디스커버리 스포츠, 포드세일즈서비스코리아 머스탱은 운전. 조수석 에어백 전개시 내부부품 금속파편이 운전자 등에게 상해를 입힐 가능성이 확인됐다. 메르세데스 벤츠코리아의 C220d 등 2개 차종은 실내 센터콘솔(운전석과 조수석 사이 박스모양의 수납공간) 결함이 발견됐다. 볼보자동차코리아 XC60 차량은 차량 뒷문(트렁크 도어) 전동식 지지대 결함이, 재규어랜드로버코리아 레인지로버 차량은 방향 지시등이 제대로 작동하지 않는 결함이 각각 드러났다. 다임러트럭코리아 아록스(Arocs) 등 2개 차종은 차량 앞 모서리 부분에 장착된 에어스포일러가 떨어질 가능성이 확인됐다. 한국모터트레이딩의 이륜차(야마하 XP530-TMAX J415E)는 동력전달장치(드라이브 벨트), 엔진제어장치(ECU) 소프트웨어 결함이 발견됐다. 이와 함께 만트럭버스코리아의 덤프트럭은 보조제동장치 결함이 지적됐다. 해당 차량 소유자는 28일, 3월 4일(FCA코리아, 재규어랜드로버, 다임러트럭, 만트럭버스), 6일(한국모터트레이딩)부터 해당 서비스센터에서 무상으로 수리받을 수 있다. 자세한 사항은 각사로 문의하면 된다.","9개 업체에서 제작된 21개 차종 20만7100대에서 제작결함 발견되어 리콜이 진행됩니다. 운전석 또는 조수석 에어백 결함과 자동차 부품결함 등이 확인되었습니다. 한국GM, FCA코리아, 재규어랜드로버코리아, 포드세일즈서비스코리아, 메르세데스 벤츠코리아, 볼보자동차코리아, 다임러트럭코리아, 한국모터트레이닝 등 수입사별로 다양한 차종에서 결함이 발견되었습니다. 리콜 대상 차종에는 한국GM 라세티 프리미어 등 5개 차종, FCA코리아 300C 등 2개 차종, 재규어랜드로버코리아 디스커버리 스포츠, 포드세일즈서비스코리아 머스탱 등이 포함됩니다. 운전석과 조수석 에어백 결함으로 내부부품 금속파편이 운전자에게 상해를 입힐 위험이 있으며, 다양한 차종에서 센터콘솔, 트렁크 도어 등 부품 결함이 확인되었습니다. 해당 차량 소유자들은 지정된 서비스센터에서 무상으로 수리받을 수 있으며, 자세한 사항은 해당 업체로 문의하실 수 있습니다."
다음 글을 요약해라.,"갱년기 중년 여성 중 대다수는 '얼굴이 화끈거리고 열불이 난다'는 경험을 해봤을 것이다. 갱년기 증상의 원인은 호르몬의 불균형에 따른 이유도 있지만, 자율신경계 기능 이상으로 나타날 수도 있다. 궁금증을 파헤쳐봤다. 갱년기는 여성의 인생에서 '두 번째 사춘기'인 오춘기라고 불린다. 그만큼 육체적, 심리적 변화가 두드러지게 나타난다. 마음편한유외과 조준호 원장은 ""얼굴에 열이 오르락내리락하며 안면홍조가 있고 땀이 난다. 이유 없이 가슴이 두근거리고 신경이 예민해지면서 불안해하거나 사소한 일에도 짜증을 잘 낸다. 불면증이 생기기도 하고, 근육통?관절통?신경통 등 여기저기 몸이 쑤시고 아프다. 이 외에도 성교통, 질염?방광염 등 골반 내부에 염증이 빈번하게 발생한다""고 설명했다. 갱년기 증상은 다양하게 나타날 수 있지만, 사람마다 그 정도의 차이가 다르다는 점에 주목해야 한다. 증상이 미미할 수도 있지만, 일상생활이 어려울 만큼 심한 사람도 있기 때문이다. 이에 조준호 원장은 ""갱년기 증상이 호르몬의 문제 때문에 생길 수도 있지만, 정도가 심하다면 다른 문제들이 복합적으로 작용했을 가능성이 있다""고 덧붙였다. 온몸에 열 오르내리는 체온변화 자율신경계 이상이 원인일 수 있어 그렇다면 갱년기 증상을 유발하는 복합적인 문제란 무엇일까? 조준호 원장은 우리 몸에서 온도 조절, 혈압 조절, 소화기능 조절, 혈액순환 기능을 조절하는 자율신경계와 관련이 깊다고 말한다. 갱년기의 대표적인 증상인 '얼굴과 몸에 열이 오르내리는 것'이 꼭 갱년기 때문에 찾아오는 증상이 아닐 수 있다는 것이다. 조준호 원장은 ""피부 체온이 오르락내리락하는 이유는 피부로 이어지는 혈액량의 변화와 관련이 있다. 즉, 피부 온도 변화는 혈액량의 변화(혈액량은 혈관 내경의 변화)와 관계가 깊다. 혈관의 압력을 조율하는 '자율신경'에 의해 조절되는데, 이곳에 이상이 생겨서 손발이 차거나 체온 변화가 나타나는 것""이라고 강조했다. 조 원장은 또, ""자율신경은 척추 밸런스에 직접적인 영향을 받는다. 예를 들면 일자목, 거북목, 새우등인 경우, 혹은 여기에 디스크나 척추협착증까지 동반된 경우에는 통증뿐만 아니라 기능적으로 자율신경계의 불균형을 유발해 피부 온도의 이상 현상이 심해진다""고 경고한다. 자율신경은 몸 전체 기능의 항상성을 조율하는 매우 중요한 신경이다. 따라서 갱년기 증상이 의심된다면 자율신경계 기능을 먼저 점검해야 한다는 게 조준호 원장의 조언이다. 자율신경계 기능 검사는 크게 세 가지다. 전척추 x-ray와 치아돌기(open mouth view) 영상촬영으로 전체 밸런스를 확인하고, 자율신경계 검사와 세포노화도 검사가 이루어진다. 조준호 원장은 ""검사 후 이상이 있으면 척추의 바른 정렬과 척추 관절의 안전성 확보하는 자율신경 도수치료가 시행된다. 또, 신경 호르몬 기능 안정화를 위한 자율신경 프롤로테라피 치료가 이루어진다. 갱년기는 사람마다 정도의 차이가 있고, 호르몬 문제가 아니라 자율신경계 불균형으로 인해 증상이 더 심해질 수 있다. 따라서 부작용 우려가 있는 호르몬제를 복용하기보다는, 자율신경계 점검과 치료로 건강한 갱년기를 보내는 것도 한 방법""이라고 당부했다.","갱년기 중년 여성 중 대다수는 '얼굴이 화끈거리고 열불이 난다'는 경험을 해봤을 것이다. 갱년기 증상의 원인은 호르몬의 불균형에 따른 이유도 있지만, 자율신경계 기능 이상으로 나타날 수도 있다. 갱년기는 여성의 인생에서 '두 번째 사춘기'인 오춘기라고 불린다. 그만큼 육체적, 심리적 변화가 두드러지게 나타난다. 마음편한유외과 조준호 원장은 ""얼굴에 열이 오르락내리락하며 안면홍조가 있고 땀이 난다. 이유 없이 가슴이 두근거리고 신경이 예민해지면서 불안해하거나 사소한 일에도 짜증을 잘 낸다. 불면증이 생기기도 하고, 근육통, 관절통, 신경통 등 여기저기 몸이 쑤시고 아프다. 이 외에도 성교통, 질염, 방광염 등 골반 내부에 염증이 빈번하게 발생한다""고 설명했다. 갱년기 증상은 다양하게 나타날 수 있지만, 사람마다 그 정도의 차이가 다르다는 점에 주목해야 한다. 증상이 미미할 수도 있지만, 일상생활이 어려울 만큼 심한 사람도 있기 때문이다. 이에 조준호 원장은 ""갱년기 증상이 호르몬의 문제 때문에 생길 수도 있지만, 정도가 심하다면 다른 문제들이 복합적으로 작용했을 가능성이 있다""고 덧붙였다. 온몸에 열 오르내리는 체온변화 자율신경계 이상이 원인일 수 있어 그렇다면 갱년기 증상을 유발하는 복합적인 문제란 무엇일까? 조준호 원장은 우리 몸에서 온도 조절, 혈압 조절, 소화기능 조절, 혈액순환 기능을 조절하는 자율신경계와 관련이 깊다고 말한다. 갱년기의 대표적인 증상인 '얼굴과 몸에 열이 오르내리는 것'이 꼭 갱년기 때문에 찾아오는 증상이 아닐 수 있다는 것이다. 조준호 원장은 ""피부 체온이 오르락내리락하는 이유는 피부로 이어지는 혈액량의 변화와 관련이 있다. 즉, 피부 온도 변화는 혈액량의 변화(혈액량은 혈관 내경의 변화)와 관계가 깊다. 혈관의 압력을 조율하는 '자율신경'에 의해 조절되는데, 이곳에 이상이 생겨서 손발이 차거나 체온 변화가 나타나는 것""이라고 강조했다. 조 원장은 또, ""자율신경은 척추 밸런스에 직접적인 영향을 받는다. 예를 들면 일자목, 거북목, 새우등인 경우, 혹은 여기에 디스크나 척추협착증까지 동반된 경우에는 통증뿐만 아니라 기능적으로 자율신경계의 불균형을 유발해 피부 온도의 이상 현상이 심해진다""고 경고한다. 자율신경은 몸 전체 기능의 항상성을 조율하는 매우 중요한 신경이다. 따라서 갱년기 증상이 의심된다면 자율신경계 기능을 먼저 점검해야 한다는 게 조준호 원장의 조언이다. 자율신경계 기능 검사는 크게 세 가지다. 전척추 x-ray와 치아돌기(open mouth view) 영상촬영으로 전체 밸런스를 확인하고, 자율신경계 검사와 세포노화도 검사가 이루어진다. 조준호 원장은 ""검사 후 이상이 있으면 척추의 바른 정렬과 척추 관절의 안전성 확보하는 자율신경 도수치료가 시행된다. 또, 신경 호르몬 기능 안정화를 위한 자율신경 프롤로테라피 치료가 이루어진다. 갱년기는 사람마다 정도의 차이가 있고, 호르몬 문제가 아니라 자율신경계 불균형으로 인해 증상이 더 심해질 수 있다. 따라서 부작용 우려가 있는 호르몬제를 복용하기보다는, 자율신경계 점검과 치료로 건강한 갱년기를 보내는 것도 한 방법""이라고 당부했다."
다음 글을 요약해라.,"중·고등 수학전문학원 '대치타파'가 고3 수험생들의 성공적인 대입을 위해 종합 관리 시스템인 '토탈 캐어 시스템'을 도입하여 시행하고 있다. '대치타파' 서민규 원장을 만나 학원의 특징과 새로 도입한 '토탈 관리 시스템'에 대해서 이야기를 들어보았다. 대치사거리 인근에 위치하고 있는 수학전문 학원 '대치타파'는 철저한 관리형 학원으로 '토탈 캐어 시스템' 을 운영해 재원생의 전 과목 1등급 실현을 목표로 하고 있다. '대치타파' 서민규 원장은 '토탈 캐어 시스템'을 운영하게 된 계기에 대해서 ""현재 우리 학원의 원생 중 가장 많은 수를 차지하고 있는 학생 그룹이 고3 수험생인데 이들 중 절반 이상이 소위 SKY대를 목표로 하고 있습니다. 그런데 이 학생들 중 80%가 우리 학원을 최소 3년 이상 다닌 학생들입니다. 그러다 보니 저는 자식과 같은 이 아이들이 재수 없이 원하는 대학에 입학시켜야 한다는 의무감이 생겼습니다. 그래서 학생들의 타임 스케줄 관리부터 공부법, 컨설팅 등 다양한 방법으로 도움을 주고 있는데, 거기에 전문성을 더해 운영하는 것이 '토탈 캐어 시스템'입니다""라고 설명했다. 서 원장은 중상위권 학생들을 안전한 1등급으로 만들기 위해서는 어려운 킬러 문항에 집중하기 보다는 철저하게 개념을 잡고 기본에 충실히 하는 공부가 중요하고, 이를 위해서는 개별관리는 꼭 필요하다고 강조했다. 기본관리와 개별관리로 내신관리와 약점보완 대치타파의 관리 시스템은 기본관리와 개별관리로 나뉜다. 기본관리는 모든 재원생을 대상으로 담임 강사와 원장에게 받는 수학 과목 관리로 총 네 단계로 이루어진다. 첫 단계는 '대치타파'에서 직접 만든 스터디 플래너에 의한 관리로 모든 재원생의 수학 진도를 1주일 단위로 관리하며, 계획했던 목표가 제대로 달성되었는지 담당 강사가 직접 체크하고 도와준다. 두 번째는 테스트 관리로 담당 강사가 주 1회 학부모에게 테스트 결과를 보고하고 약점을 분석해 개별적으로 보충한다. 세 번째는 개별관리로 담당 강사가 학교별 개별 프린터 및 교재를 관리해 학교 성적 향상을 돕고 있다. 마지막 단계는 공부 이외의 환경 분석으로 수업에 집중할 수 있도록 관리하는 개별 상담으로 원장이 직접하고 있다. 또한, 이와 함께 진행되고 있는 개별관리는 희망자를 대상으로 진행되는 전 과목 특별 관리 시스템인 '토탈 캐어 시스템'으로 연결된다. 올 3월부터 '대치타파'에서는 본격적으로 '토탈 캐어 시스템'을 운영할 예정이다. '토탈 캐어 시스템'은 '진로진학 컨설팅', '멘탈 관리 시스템', '학습관리 시스템', '약점보완 시스템'으로 이루어지는데 특히 학습관리는 전문 학습코디로부터 주1~2회 '스스로 공부법' 지도를 받는다. 현재 진행 중인 '학습 관리'는 자기 주도 학습의 방법을 구체적이고 체계적인 개인별 지도로 진행된다. 이러한 지속적인 관리에 더해 보충학습이 필요한 과목의 경우에는 과목별 전문 강사 팀의 수업을 받으며 집중관리를 받을 수 있도록 한다. 이와 함께 '단원별 타파 시스템'을 운영하는데 이는 시간이 부족한 학생들이 과목 단위가 아닌 단원 단위로 집중 관리를 받을 수 있는 시스템으로 '삼각함수 단원 o 회 수업' 등을 그 예로 들 수 있다. '토탈 캐어 시스템'과 '단원별 타파 시스템'의 강사진에 대해서 서 원장은 특별히 초빙한 전문 강사진이며 컨설팅도 상상력발전소의 전문 컨설턴트들이 개인별 정밀분석으로 체계적인 컨설팅을 한다고 강조했다. 이외에도 멘탈 관리는 서 원장이 직접 학생들과의 친밀한 관계를 유지하면서 정확한 목표를 확립할 수 있도록 지도한다. 학습 관리는 전문 코디 팀이, 내신관리와 과목별 약점보완은 과목별 전문 강사가 집중 관리해 전 과목 1등급 목표 실현을 이루겠다고 했다.","중·고등 수학전문학원 '대치타파'는 고3 수험생들의 성공적인 대입을 위해 '토탈 캐어 시스템'을 도입하여 운영하고 있다. 이 학원은 학생들의 타임 스케줄 관리부터 공부법, 컨설팅 등 다양한 방법으로 도움을 주고 있으며, '토탈 캐어 시스템'은 이들을 더욱 전문적으로 관리하기 위해 도입된 종합 관리 시스템이다. 이 시스템은 기본관리와 개별관리로 나뉘어져 있으며, 기본관리는 모든 재원생을 대상으로 수학 과목 관리를 담당하는 담임 강사와 원장에게 받는 것으로 진행되고 있다. 또한, 개별관리는 희망자를 대상으로 진행되는 '토탈 캐어 시스템'으로 연결되어, 진로진학 컨설팅, 멘탈 관리 시스템, 학습관리 시스템, 약점보완 시스템 등으로 이루어져 있다. 학생들은 전문 학습코디로부터 스스로 공부법을 지도받을 뿐만 아니라, 보충학습이 필요한 과목의 경우에는 과목별 전문 강사 팀의 수업을 받으며 집중관리를 받을 수 있다. '토탈 캐어 시스템'과 '단원별 타파 시스템'의 강사진은 초빙한 전문 강사들과 상상력발전소의 전문 컨설턴트들이 맡고 있다. 서 원장은 학생들과의 친밀한 관계를 유지하면서 멘탈 관리, 학습 관리, 내신관리, 과목별 약점보완 등을 지도하여 전 과목 1등급 목표 실현을 이루도록 한다고 강조했다. '대치타파'는 3월부터 본격적으로 이 시스템을 운영할 예정이다. 이 학원은 고3 수험생들의 입시 성공을 위해 철저한 관리와 개별관리를 통해 학습 방법을 체계적으로 지도하는 '토탈 캐어 시스템'을 제공하고 있다."
다음 글을 요약해라.,"도널드 트럼프 미국 대통령과 김정은 북한 국무위원장의 2차 북미정상회담이 아무런 합의를 도출하지 못한 채 결렬됐다. 미 백악관은 28일 예정보다 일찍 종료된 2차 북미정상회담과 관련, ""현 시점에서 아무런 합의에 도달하지 못했다""고 밝혔다. 세라 허커비 샌더스 백악관 대변인은 이날 도널드 트럼프 미국 대통령과 김정은 북한 국무위원장이 ""베트남 하노이에서 매우 훌륭하고 건설적인 만남을 가졌다""며 이같이 전했다. 샌더스 대변인은 ""두 정상은 비핵화와 경제 주도 구상을 진전시킬 다양한 방식에 대해 논의했다""면서 ""양측은 미래에 만날 것을 고대하고 있다""고 말했다. 이날 회담 결렬은 이틀째를 맞은 이날 정상회담 일정이 오후 들어 갑작스레 단축되면서 예고됐다. 이날 오후 4시(현지시간·한국시간 오후 6시)로 예정돼 있던 트럼프 대통령의 기자회견 시간이 오후 2시로 두시간 앞당겨졌다. 백악관 공보실 관계자는 이날 낮 12시 35분께 ""프로그램 변경이 있다""고 밝혔다고 풀 기자단이 전했다. 이에 따라 오전 11시 55분, 오후 2시께 각각 예정됐던 오찬과 합의문 서명식도 취소된 것이란 관측이 나왔다. 김정은 위원장과 트럼프 대통령은 오후 1시가 조금 넘어 정상회담이 열린 하노이 소피텔 레전드 메트로폴호텔에서 합의문 서명없이 각각 숙소로 복귀했다. 샌더스 대변인이 대기하던 기자들에게 오찬이 취소됐다고 밝혔다""고 전했고, 곧이어 백악관은 북미정상이 아무 합의에도 이르지 못했다고 밝혔다. 갑작스런 회담 결렬 배경이나 이유는 아직 알려지지 않고 있다. 하지만 두 정상이 화기애애한 분위기에서 첫 만찬을 가졌던 27일 저녁, 미국 본토에서 트럼프 대통령의 전 개인변호사인 마이클 코언의 의회 청문회 진술서가 CNN방송을 통해 대대적으로 보도되면서 미국내 분위기에 급격한 이상기류가 형성됐다. 이런 국내정치적 급변사태가 이번 하노이 정상회담의 결렬을 부른 원인이 아닌가 하는 추측이 나오고 있다.","도널드 트럼프 대통령과 김정은 국무위원장의 2차 북미정상회담이 합의 없이 종료되었다. 백악관은 28일 정상회담에 대해 ""아무런 합의에 도달하지 못했다""고 밝혔다. 트럼프 대통령과 김정은 국무위원장은 하노이에서 훌륭하고 건설적인 만남을 가졌다며 비핵화와 경제 주도 구상을 논의했다고 밝혔다. 하지만 정상회담은 예고보다 일찍 종료되었고 기자회견 시간이 앞당겨졌다. 오찬과 합의문 서명식도 취소되었다. 이에 김정은 국무위원장과 트럼프 대통령은 합의문을 서명하지 않고 숙소로 돌아갔다. 이번 회담 결렬 배경이나 이유는 아직 알려지지 않았지만, 트럼프 대통령의 전 개인변호사 마이클 코언의 청문회 진술서가 보도되면서 미국내 분위기에 급격한 이상기류가 형성되어 회담의 결렬 여부에 영향을 미쳤을 것으로 추측된다."
다음 글을 요약해라.,"임대료 ↓ '상생학사' 선봬 서울 성동구에 원룸을 얻는 한양대학교 학생들이 주변 시세 절반 가량만 월세를 부담하게 됐다. 성동구는 LH공사 한양대학교는 물론 원룸 임대를 하는 주민과 협력, 주거비 부담을 대폭 더는 '성동한양 상생학사'를 시범운영한다고 4일 밝혔다. 성동구는 학생들 임대료 부담을 줄일 수 있는 방안을 찾기 위해 한양대 LH공사와 상생협력 방안을 강구한 끝에 '상생학사'를 선보이게 됐다. 성동구는 우선 사용승인 후 10년 이상이고 전용면적 85㎡ 원룸을 보유한 집주인과 협약을 맺고 보증금을 3000만원으로 상향하는 대신 월세를 40만원으로 낮춘다. 학생들이 보증금과 월세를 모두 부담하지 않고 각 기관이 돕는다. 우선 LH공사에서 주택도시기금을 활용해 2900만원을 연1%로 대출해주고 대출이자는 성동구와 한양대가 절반씩 부담한다. 학생이 부담하는 보증금은 100만원으로 대폭 낮아지는 셈이다. 월세 40만원 역시 성동구와 한양대가 각 7만5000원씩 총 15만원을 지원, 학생 부담은 월세 25만원으로 줄었다. 협약에 따라 성동구는 상생학사 시범사업을 총괄하면서 관련 기관간 조정역할을 맡는다. 사업에 참여하는 주택을 찾고 입주 학생 추천·선발도 구 몫이다. LH공사는 사업에 참여하는 주택에 수리비를 지원하고 한양대는 성동구와 함께 입주 학생 추천·선발을 맡는다. 집주인은 임대료 조정과 건물 관리를 하기로 했다. 시범사업은 한양대 재학생과 상생협약에 참여한 원룸을 대상으로 한다. 상반기 21호, 하반기 29호까지 올해 총 50호를 공급하는데 진행상황을 봐서 공급호수를 확대할 계획이다. 도시근로자 월평균 소득 100%이하 이면서 직전 학기 평균 3.0 이상인 2~4학년 학부 재학생이 대상이다. 정식으로 사업을 시작할 때는 신혼부부와 청년까지 입주 대상을 확대할 예정이다. 성동구는 입학을 앞두고 한양대 인근 사근동에 상생학사 1호점을 열었다. 화재대비 시설을 갖추고 소방서와 협업, 화재안전 특별조사도 실시했다. CCTV 비상벨 등 보안시설도 확충한다. 정원오 성동구청장은 ""상생과 협치를 기반으로 대학생 주거안정을 도모함과 동시에 지역발전에도 기여, 두마리 토끼를 잡을 수 있는 청년 주거복지 모델""이라며 ""청년들이 주거비 부담을 덜고 학업에 전념할 수 있도록 전국적으로 확대 시행됐으면 한다""고 말했다.","임대료 ↓ '상생학사' 선봬 서울 성동구에 원룸을 얻는 한양대학교 학생들이 주변 시세 절반 가량만 월세를 부담하게 됐다. 성동구는 LH공사 한양대학교는 물론 원룸 임대를 하는 주민과 협력, 주거비 부담을 대폭 더는 '성동한양 상생학사'를 시범운영한다고 4일 밝혔다. 성동구는 학생들 임대료 부담을 줄일 수 있는 방안을 찾기 위해 한양대 LH공사와 상생협력 방안을 강구한 끝에 '상생학사'를 선보이게 됐다. 성동구는 우선 사용승인 후 10년 이상이고 전용면적 85㎡ 원룸을 보유한 집주인과 협약을 맺고 보증금을 3000만원으로 상향하는 대신 월세를 40만원으로 낮춘다. 학생들이 보증금과 월세를 모두 부담하지 않고 각 기관이 돕는다. 우선 LH공사에서 주택도시기금을 활용해 2900만원을 연1%로 대출해주고 대출이자는 성동구와 한양대가 절반씩 부담한다. 학생이 부담하는 보증금은 100만원으로 대폭 낮아지는 셈이다. 월세 40만원 역시 성동구와 한양대가 각 7만5000원씩 총 15만원을 지원, 학생 부담은 월세 25만원으로 줄었다. 협약에 따라 성동구는 상생학사 시범사업을 총괄하면서 관련 기관간 조정역할을 맡는다. 사업에 참여하는 주택을 찾고 입주 학생 추천·선발도 구 몫이다. LH공사는 사업에 참여하는 주택에 수리비를 지원하고 한양대는 성동구와 함께 입주 학생 추천·선발을 맡는다. 집주인은 임대료 조정과 건물 관리를 하기로 했다. 시범사업은 한양대 재학생과 상생협약에 참여한 원룸을 대상으로 한다. 상반기 21호, 하반기 29호까지 올해 총 50호를 공급하는데 진행상황을 봐서 공급호수를 확대할 계획이다. 도시근로자 월평균 소득 100%이하 이면서 직전 학기 평균 3.0 이상인 2~4학년 학부 재학생이 대상이다. 정식으로 사업을 시작할 때는 신혼부부와 청년까지 입주 대상을 확대할 예정이다. 성동구는 입학을 앞두고 한양대 인근 사근동에 상생학사 1호점을 열었다. 화재대비 시설을 갖추고 소방서와 협업, 화재안전 특별조사도 실시했다. CCTV 비상벨 등 보안시설도 확충한다. 정원오 성동구청장은 ""상생과 협치를 기반으로 대학생 주거안정을 도모함과 동시에 지역발전에도 기여, 두마리 토끼를 잡을 수 있는 청년 주거복지 모델""이라며 ""청년들이 주거비 부담을 덜고 학업에 전념할 수 있도록 전국적으로 확대 시행됐으면 한다""고 말했다."
다음 글을 요약해라.,"시세의 50% 이하로 공급 경기도시공사는 오는 5일부터 무주택 서민들을 위한 '안양 장기전세주택' 신청 접수를 시작한다고 밝혔다. 장기전세주택은 무주택 서민의 주거복지를 위해 재건축아파트를 매입해 주변시세의 80%이하로 공급한다. 이번에 공급하는 주택은 임대보증금이 주변시세의 50%이하로 공급한다. 대상주택은 지난 1월 준공한 '안양역한양수자인리버파크' 21호, 오는 3월 준공예정인 '평촌더샵아이파크' 36호 등 신축 아파트 57호다. 임대기간은 2년씩, 최대 9회까지 재계약이 가능해 20년간 거주할 수 있다. 특히 재계약 시 임차인의 소득기준 초과비율이 50% 이하면 공고문에서 정하는 할증비율에 따른 추가 임대보증금만 납부하면 퇴거하지 않고 계속 거주할 수 있다. 신청대상은 장애인 국가유공자 신혼부부 등 우선공급 대상자와 일반공급 대상자로 구분된다. 무주택세대구성원, 월평균소득, 자산보유 등 공고문에서 정하는 자격요건을 충족한 도민들 가운데 우선순위에 따라 입주자를 선발한다. 경기도시공사 임대주택청약센터(https://apply.gico.or.kr)를 통해 청약신청이 가능하다. 박기영 경기도시공사 주거복지본부장은 ""재건축매입임대를 비롯해 무주택 서민들의 주거비를 경감하기 위한 다양한 방법을 모색하고 있다""며 ""고품질의 주택을 저렴하게 공급하기 위해 주거복지사업을 더욱 확대하겠다""고 말했다. 당첨자발표는 5월 17일에 경기도시공사 홈페이지를 통해 공고할 예정이다. 자세한 내용은 공사 홈페이지에 있는 입주자 모집공고문을 통해 확인할 수 있다.","경기도시공사는 오는 5일부터 '안양 장기전세주택' 신청 접수를 시작한다고 밝혔다. 이번에 공급하는 주택은 주변시세의 50% 이하로 임대보증금을 공급하며, 대상주택은 '안양역한양수자인리버파크' 21호와 '평촌더샵아이파크' 36호 등 총 57호의 신축 아파트다. 장기전세주택은 재건축아파트를 매입해 주변시세의 80% 이하로 공급하여 무주택 서민의 주거복지를 돕는다. 임대기간은 2년씩 최대 9회까지 재계약이 가능하며, 20년간 거주할 수 있다. 재계약 시 소득기준 초과비율이 50% 이하면 추가 임대보증금만 납부하면 계속 거주할 수 있다. 신청 대상은 장애인 국가유공자 신혼부부 등 우선공급 대상자와 일반공급 대상자로 구분되며, 자격요건을 충족한 도민들 가운데 우선순위에 따라 선발된다. 신청은 경기도시공사 임대주택청약센터를 통해 가능하며, 당첨자 발표는 5월 17일에 경기도시공사 홈페이지를 통해 공고할 예정이다. 경기도시공사는 주거복지사업을 확대하여 무주택 서민들의 주거비를 경감하는 방안을 모색하고 있으며, 고품질의 주택을 저렴하게 공급하기 위해 노력할 것이라고 말했다. 자세한 내용은 공사 홈페이지의 입주자 모집공고문을 확인할 수 있다."
다음 글을 요약해라.,"'관악청' 100일만에 102건 해결 서울 관악구 대학동 삼성초등학교 학생들이 새학기부터 보다 안전하게 등교할 수 있게 됐다. 구에서 경찰과 협의, 통학로 180m 구간을 등교시간인 오전 8시 30분부터 9시까지 차량통행을 제한하기로 했기 때문이다. 4일 관악구에 따르면 열린 구청장실과 민원실을 결합한 관악청이 문을 연지 100일만에 통학로 고민 등 주민들이 요구한 140여건 가운데 102건이 해결됐다. 관악구는 지난해 11월 구청 1층에 민원실과 열린 구청장실을 배치하고 관악청(廳)이라는 이름을 붙였다. 카페형태로 조성, 박준희 구청장이 열린 구청장실에서 근무하는 화요일과 목요일 외에도 주민과 공무원들이 편하게 이용할 수 있도록 했다. '구청장은 주민이 원하면 언제든지 만날 수 있어야 한다'는 박 구청장 소신에 따라 마련한 공간으로 공약 실현 1호 사업이기도 하다. 삼성초등학교 시간제 차량통행제한은 지난해 연말 학부모들이 관악청에 들고 온 사연이다. 등굣길 교통사고 예방을 위해 등교시간대만이라도 주 통학로 일부 구간 차량통행을 제한해야 한다는 요구였다. 마침 부서에서 주민들 의견을 듣고 관악경찰서에 심의를 신청한 상태였다. 박준희 구청장은 협의과정을 설명하는 동시에 지난달 말에는 직접 현장을 방문, 진행상황을 살피기도 했다. 구는 통행제한이 시작되는 지점에 녹색어머니회 학교보안관 등 교통통제인력을 배치해 차량을 유도하는 한편 운전자와 마찰 등을 고려해 초기에는 경찰인력 배치를 요청한다는 계획이다. 관악청이 문을 연지 100일 남짓. 박준희 구청장은 하루 7~8건씩, 주민 50여명 가량을 만나 대화를 나누고 현장 이야기를 듣는다. 총 23차례에 걸친 면담에 주민들이 들고 온 문제만 142건. 이 가운데 102건이 해결됐다. 41건은 마무리를 지었고 61건은 이해관계가 얽힌 주민 등과 합의점을 찾았다. 40건도 해결을 목전에 두고 있다. 박 구청장은 ""구청장 권한을 벗어나는 요구는 듣는 것 말고 방도가 없기도 하다""며 ""하지만 얘기를 나누다 보면 의외로 간단하게 해결책이 나오고 당장 해결하지 못하는 문제라도 구청장이 머리를 맞대고 고민하는 모습만으로도 주민들 마음이 누구러진다""고 설명했다. 관악구는 관악청 성과에 힘입어 현장으로 찾아가는 열린 관악청까지 확대할 계획이다. 온라인상에서 토론과 제안 주민투표까지 할 수 있는 온라인 관악청도 계획 중이다. 박준희 구청장은 ""매주 정해진 시간에 주민과 만난다는 게 쉬운 일은 아니지만 숙원사업이 잘 해결돼 주민들이 기뻐하는 모습을 볼 때면 관악청을 운영하길 잘했다는 생각이 든다""며 ""꾸준히 주민들을 만나고 주민과 함께 생각하고 결정하는 열린 행정을 펼쳐가겠다""고 말했다.","'관악청'은 100일 동안 102건의 문제를 해결하여 학생들의 등교 안전을 도왔다. 구에서는 경찰과 협의하여 등교 시간인 오전 8시 30분부터 9시까지 통학로 180m 구간의 차량 통행을 제한하기로 결정했다. 새로운 학기부터 학생들은 보다 안전하게 등교할 수 있게 되었다. 관악구는 작년 11월 구청에 민원실과 열린 구청장실을 설치하여 주민들의 요구사항을 들을 수 있는 공간을 마련했다. 구청장은 주민들과의 만남을 중요시하고, 마련한 공간을 통해 주민들의 의견을 듣고 문제를 해결하고 있다. 지난해 연말에는 학부모들이 관악청에 찾아와 삼성초등학교의 통학로 차량 통행 제한을 요청한 바 있었다. 마침 관악구는 주민들의 의견을 듣고 경찰서와 협의를 진행하고 있었기 때문에 이 문제를 해결할 수 있었다. 관악구는 앞으로도 관악청의 성과를 바탕으로 현장을 찾아가는 열린 관악청을 확대할 계획이다. 또한 온라인 관악청을 통해 토론과 제안, 주민투표 등을 진행할 예정이다. 구청장은 주민들의 만족을 보며 열린 행정을 펼치고자 노력할 것이라고 밝혔다."
다음 글을 요약해라.,"아내 명의로 제안서 보내 허위 서류로 자신의 연봉을 올리도록 한 회사원이 벌금형을 선고받았다. 서울중앙지방법원 형사10단독 이종우 부장판사는 업무상배임과 사기혐의로 재판에 넘겨진 김 모씨에 대해 벌금 150만원을 선고했다고 4일 밝혔다. 김씨는 2008년부터 양주 수입업체인 P사에 근무해왔다. 김씨는 노사협력팀 과장으로 근무하던 중 P사에 팀장 승진 및 급여 인상을 요구했다. 회사 측이 별다른 입장을 내놓지 않자 김씨는 다른 업체로부터 제안을 받았다는 고용계약 제안서를 회사에 제시했다. 종전 연봉보다 18% 인상된 억대 연봉으로 김씨를 고용하겠다는 제안서였다. 김씨는 회사 측에 ""나는 다른 회사로부터 훌륭한 급여 제안을 받았기에 이직을 결정해야 하는 상황""이라며 ""다만 (현재 근무중인)회사에서 위 급여에 준하거나 약간 못 미치는 인상이라도 고려한다면 계속 근무하고 싶다""고 이메일을 보냈다. 이메일에는 앞서 받은 고용계약 제안서를 첨부했다. 결국 회사는 팀장 승진 및 급여인상을 수락하기로 했고, 노사관계 팀장이라는 직책을 신설했다. 하지만 김씨는 이러한 제안을 받은 바 없었다. 이 고용계약 제안서는 김씨가 스스로 만들어 낸 것으로 발신자는 아내 명의의 이메일 계정이었다. 모두가 허위였던 것이다. 뒤늦게 김씨의 허위 제안서가 들통 난 것은 새로 회사에 들어온 중역 때문이었다. 김씨가 팀장으로 승진한 뒤 회사에 인사담당 임원 B씨가 새로 입사했다. B씨는 김씨의 제안서에 문제가 있다는 것을 알아차린 뒤 김씨와 면담을 했다. 김씨는 이 자리에서 모든 것을 털어 놓았고, B씨는 퇴직을 요구했다. 김씨는 회사를 그만두겠다는 입장을 밝혔다. 회사에서 사용하던 노트북을 집으로 가져간 후 10여건의 자료를 복사해 반출하기도 했다. 이 내용 중에는 P사 임직원들의 인사 파일은 물론 회사 임직원의 비위행위를 조사한 파일도 포함된 것으로 알려졌다. 이 부장판사는 ""김씨가 초범이고, 회사를 속인 정도가 중하지 않다""며 ""피해자와 합의하고 경제적 목적을 위해 자료를 유출하지 않은 점을 고려했다""며 양형이유를 밝혔다.","아내 명의로 제안서를 보내 허위 서류로 자신의 연봉을 올리도록 한 김 모씨는 벌금형을 선고받았습니다. 서울중앙지방법원 형사10단독 이종우 부장판사는 김씨에게 벌금 150만원을 선고했습니다. 김씨는 P사에 근무 중이었으며, 팀장 승진 및 급여 인상을 요구하다 다른 업체로부터 제안서를 받았다는 내용의 이메일을 보냈습니다. 이메일에 첨부된 고용계약 제안서에는 종전 연봉 대비 18% 인상된 억대 연봉이 제시되었습니다. 회사는 이 제안을 수락하고 팀장으로 승진시켰으나, 김씨는 이러한 제안서가 허위임을 인정한 후 퇴직을 요구했습니다. 퇴직 후 김씨는 회사의 자료를 복사하여 반출하는 등의 행위를 하였으나, 법원은 김씨의 처음 범했을 때이며 경제적 목적을 위해 자료를 유출하지 않은 점을 고려하여 벌금형을 선고했습니다."
다음 글을 요약해라.,"정부, 수출활력 제고 대책 마련 … 수출채권 조기 현금화 실적 둔화로 자금난을 겪는 수출기업들이 앞으로 은행 돈 쓰기가 한결 수월해지고 해외전시회 참여 기회도 크게 늘어날 전망이다. 정부는 이를 위해 무역금융 지원 프로그램 5개를 신설하는 등 무역금융 235조원을 확대 공급하고 전시회, 상담회 등 수출 마케팅을 위해 3528억원을 지원하기로 했다. 산업통상자원부는 4일 '제9차 경제활력대책회의'에서 관계부처 합동으로 마련한 '수출활력 제고 대책'을 확정했다며 이같이 밝혔다. 정부는 올해 2년 연속 수출 6000억달러를 달성하기 위해 무역금융을 전년보다 15조3000억원 늘어난 235조원으로 책정했다. 아울러 수출기업의 원활한 자금흐름을 돕기 위해 수출단계(계약-제작-선적-결제)별로 8개 무역금융 지원 프로그램(35조7000억원)을 신설하거나 확대할 방침이다. 특히 수출 선적 이후 수출채권을 조기 현금화할 수 있는 1조원 규모의 보증 프로그램을 4월중 신설한다. 산업부 관계자는 ""수출하고 채권을 받아도 제품 제작후 결제해 돈을 손에 쥐려면 6개월 이상 소요되는 상황이 지속되고 있다""며 ""수출기업이 수출채권을 기반으로 시중은행에서 조기 현금화할 수 있도록 무역보험공사가 특별보증을 시행하는 것""이라고 설명했다. 수출입은행의 기존 수출채권 직접 매입도 4조9000억원 규모로 확대된다. 수출기업에 수출용 원부자재를 납품하는 간접수출 기업들의 매출채권도 현금화가 가능하게끔 3000억원 규모의 특별보증 프로그램을 이달중 새로 만들기로 했다. 수출실적, 재무신용도와 관계없이 수출계약서만 있으면 원자재 대금 등 상품 제조에 필요한 돈을 은행에서 대출받을 수 있도록 보증하는 '수출계약 기반특별보증' 제도도 신설된다. 일시적인 신용도 악화로 자금난을 겪는 유망 수출기업을 대상으로 올 2분기부터 1000억원 규모로 시범 시행하고 지원효과·리스크 분석 등을 통해 확대 추진할 예정이다. 그동안 수출 금융지원이 잘 안됐던 이유가 은행창구 담당자들이 부담을 느꼈기 때문이라는 지적에 따라 특별위원회 심사 등을 활성화해 결제 불이행에 대한 부담을 덜어주는 한편 고의나 중과실이 없는 경우 담당자 면책을 제도화하기로 했다. 수출마케팅과 관련해서는 지난해보다 5.8%(182억원) 증가한 총 3528억원을 지원하고 그 효과를 앞당기기 위해 상반기에 60% 이상 집중 시행할 계획이다. 대기업과 공공기관의 동반수출 확대 노력에 대해 동반성장 평가와 공공기관 경영평가 배점도 확대한다. 이와 함께 신남방·신북방 등 신흥시장 진출지원을 대폭 강화하고 수출 주체인 기업의 성장 단계별(스타트업 → 내수·수출 초보기업 → 중견기업)로 차별화된 맞춤형 지원을 실시한다. 스타트업 기업을 위해서는 뉴델리와 시애틀에 해외혁신거점을 개소하고, 무역협회에 글로벌 지원센터을 마련한다. 내수·수출 초보기업을 위해서는 1대1 컨설팅 지원, 온라인 수출지원 강화에 나선다. 중견기업에게는 수출도약~월드챔프 등 단계별 지원과 월드클래스 플러스사업을 신설하기로 했다. 또 국가 차원의 수출지원 정책 효율성 제고를 위해 관계부처, 수출지원기관, 지자체, 수출업계 등이 모두 참여하는 '민관합동 수출전략조정회의'와 관련, 한국형 무역촉진조정위원회(TPCC)로 운영한다. 성윤모 산업부 장관은 ""이번 대책은 수출기업이 가장 아쉬워하는 무역금융 보강과 수출마케팅 강화에 역점을 두고 마련했다""고 밝혔다.","정부가 수출기업들의 자금난을 해결하기 위해 수출활력 제고 대책을 마련했다. 이에 따라 무역금융 지원 프로그램 5개가 신설되고, 수출 마케팅을 위해 3528억원이 지원될 예정이다. 무역금융은 235조원으로 확대되며, 수출채권을 조기 현금화할 수 있는 보증 프로그램도 신설되었다. 또한, 수출입은행의 수출채권 직접 매입 규모도 확대되고, 수출기업에게 수출용 원부자재 대금을 현금화할 수 있는 특별보증 프로그램도 신설될 예정이다. 이 외에도 수출계약 기반 특별보증 제도도 신설되어 수출기업의 자금 흐름을 돕게 될 것이다. 수출마케팅에도 3528억원이 지원되며, 대기업과 공공기관의 동반수출 확대 노력에도 평가와 배점이 확대될 예정이다. 또한, 신흥시장 진출지원과 차별화된 맞춤형 지원이 강화될 것이며, 한국형 무역촉진조정위원회를 통해 국가 차원의 수출지원 정책 효율성이 제고될 것이다. 이번 대책은 수출기업의 무역금융 보강과 수출마케팅 강화에 역점을 두고 마련되었다."
